<?xml version="1.0" encoding="UTF-8"?>
<InterchangeStudentAssessment xmlns:xsi="http://www.w3.org/2001/XMLSchema-instance" xmlns="http://ed-fi.org/0100"
  xsi:schemaLocation="http://ed-fi.org/0100 ../../sli/common/domain/src/main/resources/edfiXsd/Interchange-StudentAssessment.xsd">
  

<!-- READ 2.0 -->
  <StudentAssessment id="saa_id_101">
    <AdministrationDate>2011-08-10</AdministrationDate>
    <AdministrationLanguage>English</AdministrationLanguage>
    <AdministrationEnvironment>Classroom</AdministrationEnvironment>
    <RetestIndicator>Primary Administration</RetestIndicator>
    <ScoreResults AssessmentReportingMethod="Composite Score">
      <Result>108</Result>
    </ScoreResults>
    <PerformanceLevels>
      <CodeValue>Level 2</CodeValue>
    </PerformanceLevels>
    <StudentReference>
      <StudentIdentity>
        <StudentUniqueStateId>100000000</StudentUniqueStateId>
      </StudentIdentity>
    </StudentReference>
    <AssessmentReference>
      <AssessmentIdentity>
        <AssessmentIdentificationCode IdentificationSystem="Test Contractor">
          <ID>READ 2.0 Grade 1 BOY</ID>
        </AssessmentIdentificationCode>
      </AssessmentIdentity>
    </AssessmentReference>
  </StudentAssessment>

  <StudentAssessment id="saa_id_102">
    <AdministrationDate>2012-03-01</AdministrationDate>
    <AdministrationLanguage>English</AdministrationLanguage>
    <AdministrationEnvironment>Classroom</AdministrationEnvironment>
    <RetestIndicator>Primary Administration</RetestIndicator>
    <ScoreResults AssessmentReportingMethod="Composite Score">
      <Result>135</Result>
    </ScoreResults>
    <PerformanceLevels>
      <CodeValue>Level 1</CodeValue>
    </PerformanceLevels>
    <StudentReference>
      <StudentIdentity>
        <StudentUniqueStateId>100000000</StudentUniqueStateId>
      </StudentIdentity>
    </StudentReference>
    <AssessmentReference>
      <AssessmentIdentity>
        <AssessmentIdentificationCode IdentificationSystem="Test Contractor">
          <ID>READ 2.0 Grade 1 MOY</ID>
        </AssessmentIdentificationCode>
      </AssessmentIdentity>
    </AssessmentReference>
  </StudentAssessment>

  <StudentAssessment id="saa_id_103">
    <AdministrationDate>2011-08-10</AdministrationDate>
    <AdministrationLanguage>English</AdministrationLanguage>
    <AdministrationEnvironment>Classroom</AdministrationEnvironment>
    <RetestIndicator>Primary Administration</RetestIndicator>
    <ScoreResults AssessmentReportingMethod="Composite Score">
      <Result>95</Result>
    </ScoreResults>
    <PerformanceLevels>
      <CodeValue>Level 3</CodeValue>
    </PerformanceLevels>
    <StudentReference>
      <StudentIdentity>
        <StudentUniqueStateId>100000001</StudentUniqueStateId>
      </StudentIdentity>
    </StudentReference>
    <AssessmentReference>
      <AssessmentIdentity>
        <AssessmentIdentificationCode IdentificationSystem="Test Contractor">
          <ID>READ 2.0 Grade 1 BOY</ID>
        </AssessmentIdentificationCode>
      </AssessmentIdentity>
    </AssessmentReference>
  </StudentAssessment>

  <StudentAssessment id="saa_id_104">
    <AdministrationDate>2012-03-01</AdministrationDate>
    <AdministrationLanguage>English</AdministrationLanguage>
    <AdministrationEnvironment>Classroom</AdministrationEnvironment>
    <RetestIndicator>Primary Administration</RetestIndicator>
    <ScoreResults AssessmentReportingMethod="Composite Score">
      <Result>101</Result>
    </ScoreResults>
    <PerformanceLevels>
      <CodeValue>Level 2</CodeValue>
    </PerformanceLevels>
    <StudentReference>
      <StudentIdentity>
        <StudentUniqueStateId>100000001</StudentUniqueStateId>
      </StudentIdentity>
    </StudentReference>
    <AssessmentReference>
      <AssessmentIdentity>
        <AssessmentIdentificationCode IdentificationSystem="Test Contractor">
          <ID>READ 2.0 Grade 1 MOY</ID>
        </AssessmentIdentificationCode>
      </AssessmentIdentity>
    </AssessmentReference>
  </StudentAssessment>


</InterchangeStudentAssessment>
