<?xml version="1.0" ?>
<InterchangeAssessmentMetadata xmlns="http://ed-fi.org/0100" xmlns:xsi="http://www.w3.org/2001/XMLSchema-instance" xsi:schemaLocation="http://ed-fi.org/0100 ../../sli/common/domain/src/main/resources/edfiXsd/Interchange-AssessmentMetadata.xsd">
    <Assessment id="ACT-1">
        <AssessmentTitle>ACT</AssessmentTitle>
        <AssessmentIdentificationCode IdentificationSystem="Test Contractor">
            <ID>ACT</ID>
        </AssessmentIdentificationCode>
        <AssessmentCategory>College entrance exam</AssessmentCategory>
        <GradeLevelAssessed>Twelfth grade</GradeLevelAssessed>
        <Version>1</Version>
        <RevisionDate>2005-03-12</RevisionDate>
        <MaxRawScore>36</MaxRawScore>
        <AssessmentItemReference>
            <AssessmentItemIdentity>
                <AssessmentItemIdentificationCode>AssessmentItem-1</AssessmentItemIdentificationCode>
            </AssessmentItemIdentity>
        </AssessmentItemReference>
		<AssessmentItemReference>
            <AssessmentItemIdentity>
                <AssessmentItemIdentificationCode>AssessmentItem-2</AssessmentItemIdentificationCode>
            </AssessmentItemIdentity>
        </AssessmentItemReference>
		<AssessmentItemReference>
            <AssessmentItemIdentity>
                <AssessmentItemIdentificationCode>AssessmentItem-3</AssessmentItemIdentificationCode>
            </AssessmentItemIdentity>
        </AssessmentItemReference>
		<AssessmentItemReference>
            <AssessmentItemIdentity>
                <AssessmentItemIdentificationCode>AssessmentItem-4</AssessmentItemIdentificationCode>
            </AssessmentItemIdentity>
        </AssessmentItemReference>
        <ObjectiveAssessmentReference>
            <ObjectiveAssessmentIdentity>
                <ObjectiveAssessmentIdentificationCode>ACT-English</ObjectiveAssessmentIdentificationCode>
            </ObjectiveAssessmentIdentity>
        </ObjectiveAssessmentReference>
        <ObjectiveAssessmentReference>
            <ObjectiveAssessmentIdentity>
                <ObjectiveAssessmentIdentificationCode>ACT-Mathematics</ObjectiveAssessmentIdentificationCode>
            </ObjectiveAssessmentIdentity>
        </ObjectiveAssessmentReference>
        <ObjectiveAssessmentReference>
            <ObjectiveAssessmentIdentity>
                <ObjectiveAssessmentIdentificationCode>ACT-Reading</ObjectiveAssessmentIdentificationCode>
            </ObjectiveAssessmentIdentity>
        </ObjectiveAssessmentReference>
        <ObjectiveAssessmentReference>
            <ObjectiveAssessmentIdentity>
                <ObjectiveAssessmentIdentificationCode>ACT-Science</ObjectiveAssessmentIdentificationCode>
            </ObjectiveAssessmentIdentity>
        </ObjectiveAssessmentReference>
        <ObjectiveAssessmentReference>
            <ObjectiveAssessmentIdentity>
                <ObjectiveAssessmentIdentificationCode>ACT-Writing</ObjectiveAssessmentIdentificationCode>
            </ObjectiveAssessmentIdentity>
        </ObjectiveAssessmentReference>
        <AssessmentFamilyReference>
            <AssessmentFamilyIdentity>
              <AssessmentFamilyTitle>ACT</AssessmentFamilyTitle>
            </AssessmentFamilyIdentity>
        </AssessmentFamilyReference>
    </Assessment>
    <!-- first level of objective assessment -->
    <ObjectiveAssessment id="ActEng">
        <IdentificationCode>ACT-English</IdentificationCode>
        <MaxRawScore>36</MaxRawScore>
        <ObjectiveAssessmentReference>
            <ObjectiveAssessmentIdentity>
                <ObjectiveAssessmentIdentificationCode>ACT-English-Usage</ObjectiveAssessmentIdentificationCode>
            </ObjectiveAssessmentIdentity>
        </ObjectiveAssessmentReference>
        <ObjectiveAssessmentReference>
            <ObjectiveAssessmentIdentity>
                <ObjectiveAssessmentIdentificationCode>ACT-English-Rhetorical</ObjectiveAssessmentIdentificationCode>
            </ObjectiveAssessmentIdentity>
        </ObjectiveAssessmentReference>
    </ObjectiveAssessment>
    <ObjectiveAssessment id="ActMath">
        <IdentificationCode>ACT-Mathematics</IdentificationCode>
        <MaxRawScore>36</MaxRawScore>
        <ObjectiveAssessmentReference>
            <ObjectiveAssessmentIdentity>
                <ObjectiveAssessmentIdentificationCode>ACT-Math-Pre-Algebra</ObjectiveAssessmentIdentificationCode>
            </ObjectiveAssessmentIdentity>
        </ObjectiveAssessmentReference>
        <ObjectiveAssessmentReference>
            <ObjectiveAssessmentIdentity>
                <ObjectiveAssessmentIdentificationCode>ACT-Math-Algebra</ObjectiveAssessmentIdentificationCode>
            </ObjectiveAssessmentIdentity>
        </ObjectiveAssessmentReference>
        <ObjectiveAssessmentReference>
            <ObjectiveAssessmentIdentity>
                <ObjectiveAssessmentIdentificationCode>ACT-Math-Plane-Geometry</ObjectiveAssessmentIdentificationCode>
            </ObjectiveAssessmentIdentity>
        </ObjectiveAssessmentReference>
    </ObjectiveAssessment>
    <ObjectiveAssessment id="ActReading">
        <IdentificationCode>ACT-Reading</IdentificationCode>
        <MaxRawScore>36</MaxRawScore>
        <LearningObjectiveReference>
            <LearningObjectiveIdentity>
                <Objective>Language</Objective>
                <AcademicSubject>English</AcademicSubject>
                <ObjectiveGradeLevel>Eleventh grade</ObjectiveGradeLevel>
            </LearningObjectiveIdentity>
        </LearningObjectiveReference>
        <ObjectiveAssessmentReference>
            <ObjectiveAssessmentIdentity>
                <ObjectiveAssessmentIdentificationCode>ACT-Reading-SocialStudies</ObjectiveAssessmentIdentificationCode>
            </ObjectiveAssessmentIdentity>
        </ObjectiveAssessmentReference>
        <ObjectiveAssessmentReference>
            <ObjectiveAssessmentIdentity>
                <ObjectiveAssessmentIdentificationCode>ACT-Reading-Arts</ObjectiveAssessmentIdentificationCode>
            </ObjectiveAssessmentIdentity>
        </ObjectiveAssessmentReference>
    </ObjectiveAssessment>
    <ObjectiveAssessment id="ActScience">
        <IdentificationCode>ACT-Science</IdentificationCode>
        <MaxRawScore>36</MaxRawScore>
    </ObjectiveAssessment>
    <ObjectiveAssessment id="ActWriting">
        <IdentificationCode>ACT-Writing</IdentificationCode>
        <MaxRawScore>12</MaxRawScore>
    </ObjectiveAssessment>
    <!-- second level of objective assessment -->
    <ObjectiveAssessment id="ActEngUsage">
        <IdentificationCode>ACT-English-Usage</IdentificationCode>
        <MaxRawScore>18</MaxRawScore>
    </ObjectiveAssessment>
    <ObjectiveAssessment id="ActEngRhetorical">
        <IdentificationCode>ACT-English-Rhetorical</IdentificationCode>
        <MaxRawScore>18</MaxRawScore>
    </ObjectiveAssessment>
    <ObjectiveAssessment id="ActMathPreAlgebra">
        <IdentificationCode>ACT-Math-Pre-Algebra</IdentificationCode>
        <MaxRawScore>18</MaxRawScore>
    </ObjectiveAssessment>
    <ObjectiveAssessment id="ActMathAlgebra">
        <IdentificationCode>ACT-Math-Algebra</IdentificationCode>
        <MaxRawScore>18</MaxRawScore>
    </ObjectiveAssessment>
    <ObjectiveAssessment id="ActMathGeometry">
        <IdentificationCode>ACT-Math-Plane-Geometry</IdentificationCode>
        <MaxRawScore>18</MaxRawScore>
    </ObjectiveAssessment>
    <ObjectiveAssessment id="ActReadingSocial">
        <IdentificationCode>ACT-Reading-SocialStudies</IdentificationCode>
        <MaxRawScore>18</MaxRawScore>
        <!-- Commenting out circular reference -->
        <!-- <ObjectiveAssessmentReference>
			<ObjectiveAssessmentIdentity>
				<ObjectiveAssessmentIdentificationCode>ACT-Reading-SocialStudies</ObjectiveAssessmentIdentificationCode>
			</ObjectiveAssessmentIdentity>
		</ObjectiveAssessmentReference> -->
        <ObjectiveAssessmentReference>
            <ObjectiveAssessmentIdentity>
                <ObjectiveAssessmentIdentificationCode>ACT-Reading-Arts</ObjectiveAssessmentIdentificationCode>
            </ObjectiveAssessmentIdentity>
        </ObjectiveAssessmentReference>
    </ObjectiveAssessment>
    <ObjectiveAssessment id="ActReadingArts">
        <IdentificationCode>ACT-Reading-Arts</IdentificationCode>
        <MaxRawScore>18</MaxRawScore>
    </ObjectiveAssessment>
    <!-- Assessment Item Section -->
	<AssessmentItem>
		<AssessmentReference>
            <AssessmentIdentity>
                <AssessmentTitle>ACT</AssessmentTitle>
                <GradeLevelAssessed>Twelfth grade</GradeLevelAssessed>
                <Version>1</Version>
            </AssessmentIdentity>
        </AssessmentReference>
        <IdentificationCode>AssessmentItem-1</IdentificationCode>
        <ItemCategory>True-False</ItemCategory>
        <MaxRawScore>5</MaxRawScore>
        <CorrectResponse>False</CorrectResponse>
        <LearningStandardReference>
            <LearningStandardIdentity>
                <IdentificationCode>48AD7305975E4C38A38484926C2AC2B6</IdentificationCode>
            </LearningStandardIdentity>
        </LearningStandardReference>
        <LearningStandardReference>
            <LearningStandardIdentity>
                <IdentificationCode>48AD7305975E4C38A38484926C2AC2B7</IdentificationCode>
            </LearningStandardIdentity>
        </LearningStandardReference>
    </AssessmentItem>
	<AssessmentItem>
		<AssessmentReference>
            <AssessmentIdentity>
                <AssessmentTitle>ACT</AssessmentTitle>
                <GradeLevelAssessed>Twelfth grade</GradeLevelAssessed>
                <Version>1</Version>
            </AssessmentIdentity>
        </AssessmentReference>
        <IdentificationCode>AssessmentItem-2</IdentificationCode>
        <ItemCategory>True-False</ItemCategory>
        <MaxRawScore>5</MaxRawScore>
        <CorrectResponse>True</CorrectResponse>
        <LearningStandardReference>
            <LearningStandardIdentity>
                <IdentificationCode>5EEC5B34D81048C481BF69158104FA25</IdentificationCode>
            </LearningStandardIdentity>
        </LearningStandardReference>
        <LearningStandardReference>
            <LearningStandardIdentity>
                <IdentificationCode>8C2612DBDCEE4D8F8E1F84D62457ED00</IdentificationCode>
            </LearningStandardIdentity>
        </LearningStandardReference>
    </AssessmentItem>
	<AssessmentItem>
		<AssessmentReference>
            <AssessmentIdentity>
                <AssessmentTitle>ACT</AssessmentTitle>
                <GradeLevelAssessed>Twelfth grade</GradeLevelAssessed>
                <Version>1</Version>
            </AssessmentIdentity>
        </AssessmentReference>
        <IdentificationCode>AssessmentItem-3</IdentificationCode>
        <ItemCategory>True-False</ItemCategory>
        <MaxRawScore>5</MaxRawScore>
        <CorrectResponse>True</CorrectResponse>
        <LearningStandardReference>
            <LearningStandardIdentity>
                <IdentificationCode>D75111F1FCA84D8ABB0DA43ECE9BC178</IdentificationCode>
            </LearningStandardIdentity>
        </LearningStandardReference>
    </AssessmentItem>
	<AssessmentItem>
		<AssessmentReference>
            <AssessmentIdentity>
                <AssessmentTitle>ACT</AssessmentTitle>
                <GradeLevelAssessed>Twelfth grade</GradeLevelAssessed>
                <Version>1</Version>
            </AssessmentIdentity>
        </AssessmentReference>
        <IdentificationCode>AssessmentItem-4</IdentificationCode>
        <ItemCategory>True-False</ItemCategory>
        <MaxRawScore>5</MaxRawScore>
        <CorrectResponse>False</CorrectResponse>
        <LearningStandardReference>
            <LearningStandardIdentity>
                <IdentificationCode>67FB2AF6552C4CB0AF5ECD83287A91AA</IdentificationCode>
            </LearningStandardIdentity>
        </LearningStandardReference>
    </AssessmentItem>
    <!-- Assessment Family Section -->
    <AssessmentFamily id="ACT-Family">
        <AssessmentFamilyTitle>ACT</AssessmentFamilyTitle>
        <AssessmentFamilyIdentificationCode IdentificationSystem="Test Contractor">
            <ID>ACT</ID>
        </AssessmentFamilyIdentificationCode>
    </AssessmentFamily>
</InterchangeAssessmentMetadata>