<?xml version="1.0" ?>
<InterchangeAssessmentMetadata xmlns="http://ed-fi.org/0100" xmlns:xsi="http://www.w3.org/2001/XMLSchema-instance" xsi:schemaLocation="http://ed-fi.org/0100 ../../sli/common/domain/src/main/resources/edfiXsd/Interchange-AssessmentMetadata.xsd">
    <!-- LearningStandards for 3rd graders -->
    <LearningStandard>
        <LearningStandardId>
            <IdentificationCode>LS-G3-1</IdentificationCode>
        </LearningStandardId>
        <Description>Description of learning standard for reading</Description>
        <ContentStandard>State Standard</ContentStandard>
        <GradeLevel>Third grade</GradeLevel>
        <SubjectArea>Reading</SubjectArea>
        <CourseTitle>Reading</CourseTitle>
    </LearningStandard>
    <LearningStandard>
        <LearningStandardId>
            <IdentificationCode>LS-G3-2</IdentificationCode>
        </LearningStandardId>
        <Description>Description of learning standard for writing</Description>
        <ContentStandard>State Standard</ContentStandard>
        <GradeLevel>Third grade</GradeLevel>
        <SubjectArea>Writing</SubjectArea>
        <CourseTitle>Writing</CourseTitle>
    </LearningStandard>
    <LearningStandard>
        <LearningStandardId>
            <IdentificationCode>LS-G3-3</IdentificationCode>
        </LearningStandardId>
        <Description>Description of learning standard for math</Description>
        <ContentStandard>State Standard</ContentStandard>
        <GradeLevel>Third grade</GradeLevel>
        <SubjectArea>Mathematics</SubjectArea>
        <CourseTitle>Math</CourseTitle>
    </LearningStandard>
    <LearningStandard>
        <LearningStandardId>
            <IdentificationCode>LS-G3-4</IdentificationCode>
        </LearningStandardId>
        <Description>Description of learning standard for Social Studies</Description>
        <ContentStandard>State Standard</ContentStandard>
        <GradeLevel>Third grade</GradeLevel>
        <SubjectArea>Social Studies</SubjectArea>
        <CourseTitle>Social Studies</CourseTitle>
    </LearningStandard>
    <LearningStandard>
        <LearningStandardId>
            <IdentificationCode>LS-G3-5</IdentificationCode>
        </LearningStandardId>
        <Description>Description of learning standard for science</Description>
        <ContentStandard>State Standard</ContentStandard>
        <GradeLevel>Third grade</GradeLevel>
        <SubjectArea>Science</SubjectArea>
        <CourseTitle>Science</CourseTitle>
    </LearningStandard>
    <LearningStandard>
        <LearningStandardId>
            <IdentificationCode>LS-G3-6</IdentificationCode>
        </LearningStandardId>
        <Description>Description of learning standard for phys-ed</Description>
        <ContentStandard>State Standard</ContentStandard>
        <GradeLevel>Third grade</GradeLevel>
        <SubjectArea>Physical, Health, and Safety Education</SubjectArea>
        <CourseTitle>Phys-Ed</CourseTitle>
    </LearningStandard>
    <!-- LearningStandards for kindergartners -->
    <LearningStandard>
        <LearningStandardId>
            <IdentificationCode>LS-GK-1</IdentificationCode>
        </LearningStandardId>
        <Description>Description of learning standard for reading</Description>
        <ContentStandard>State Standard</ContentStandard>
        <GradeLevel>Kindergarten</GradeLevel>
        <SubjectArea>Reading</SubjectArea>
        <CourseTitle>Reading</CourseTitle>
    </LearningStandard>
    <LearningStandard>
        <LearningStandardId>
            <IdentificationCode>LS-GK-2</IdentificationCode>
        </LearningStandardId>
        <Description>Description of learning standard for writing</Description>
        <ContentStandard>State Standard</ContentStandard>
        <GradeLevel>Kindergarten</GradeLevel>
        <SubjectArea>Writing</SubjectArea>
        <CourseTitle>Writing</CourseTitle>
    </LearningStandard>
    <LearningStandard>
        <LearningStandardId>
            <IdentificationCode>LS-GK-3</IdentificationCode>
        </LearningStandardId>
        <Description>Description of learning standard for math</Description>
        <ContentStandard>State Standard</ContentStandard>
        <GradeLevel>Kindergarten</GradeLevel>
        <SubjectArea>Mathematics</SubjectArea>
        <CourseTitle>Math</CourseTitle>
    </LearningStandard>
    <LearningStandard>
        <LearningStandardId>
            <IdentificationCode>LS-GK-4</IdentificationCode>
        </LearningStandardId>
        <Description>Description of learning standard for science</Description>
        <ContentStandard>State Standard</ContentStandard>
        <GradeLevel>Kindergarten</GradeLevel>
        <SubjectArea>Science</SubjectArea>
        <CourseTitle>Science</CourseTitle>
    </LearningStandard>
    <!-- LearningObjectives for 3rd graders -->
    <LearningObjective>
        <LearningObjectiveId>
            <IdentificationCode>LO-G3-1</IdentificationCode>
        </LearningObjectiveId>
        <Objective>Fluency and Expression</Objective>
        <AcademicSubject>Reading</AcademicSubject>
        <ObjectiveGradeLevel>Third grade</ObjectiveGradeLevel>
        <LearningStandardReference>
            <LearningStandardIdentity>
                <IdentificationCode>LS-G3-1</IdentificationCode>
            </LearningStandardIdentity>
        </LearningStandardReference>
    </LearningObjective>
    <LearningObjective>
        <LearningObjectiveId>
            <IdentificationCode>LO-G3-2</IdentificationCode>
        </LearningObjectiveId>
        <Objective>Story Grammar</Objective>
        <AcademicSubject>Reading</AcademicSubject>
        <ObjectiveGradeLevel>Third grade</ObjectiveGradeLevel>
        <LearningStandardReference>
            <LearningStandardIdentity>
                <IdentificationCode>LS-G3-1</IdentificationCode>
            </LearningStandardIdentity>
        </LearningStandardReference>
    </LearningObjective>
    <LearningObjective>
        <LearningObjectiveId>
            <IdentificationCode>LO-G3-3</IdentificationCode>
        </LearningObjectiveId>
        <Objective>Informational Text</Objective>
        <AcademicSubject>Reading</AcademicSubject>
        <ObjectiveGradeLevel>Third grade</ObjectiveGradeLevel>
        <LearningStandardReference>
            <LearningStandardIdentity>
                <IdentificationCode>LS-G3-1</IdentificationCode>
            </LearningStandardIdentity>
        </LearningStandardReference>
    </LearningObjective>
    <LearningObjective>
        <LearningObjectiveId>
            <IdentificationCode>LO-G3-4</IdentificationCode>
        </LearningObjectiveId>
        <Objective>Comprehension</Objective>
        <AcademicSubject>Reading</AcademicSubject>
        <ObjectiveGradeLevel>Third grade</ObjectiveGradeLevel>
        <LearningStandardReference>
            <LearningStandardIdentity>
                <IdentificationCode>LS-G3-1</IdentificationCode>
            </LearningStandardIdentity>
        </LearningStandardReference>
    </LearningObjective>
    <LearningObjective>
        <LearningObjectiveId>
            <IdentificationCode>LO-G3-5</IdentificationCode>
        </LearningObjectiveId>
        <Objective>Expository Writing</Objective>
        <AcademicSubject>Writing</AcademicSubject>
        <ObjectiveGradeLevel>Third grade</ObjectiveGradeLevel>
        <LearningStandardReference>
            <LearningStandardIdentity>
                <IdentificationCode>LS-G3-2</IdentificationCode>
            </LearningStandardIdentity>
        </LearningStandardReference>
    </LearningObjective>
    <LearningObjective>
        <LearningObjectiveId>
            <IdentificationCode>LO-G3-6</IdentificationCode>
        </LearningObjectiveId>
        <Objective>Narrative Writing</Objective>
        <AcademicSubject>Writing</AcademicSubject>
        <ObjectiveGradeLevel>Third grade</ObjectiveGradeLevel>
        <LearningStandardReference>
            <LearningStandardIdentity>
                <IdentificationCode>LS-G3-2</IdentificationCode>
            </LearningStandardIdentity>
        </LearningStandardReference>
    </LearningObjective>
    <LearningObjective>
        <LearningObjectiveId>
            <IdentificationCode>LO-G3-7</IdentificationCode>
        </LearningObjectiveId>
        <Objective>Spelling</Objective>
        <AcademicSubject>Writing</AcademicSubject>
        <ObjectiveGradeLevel>Third grade</ObjectiveGradeLevel>
        <LearningStandardReference>
            <LearningStandardIdentity>
                <IdentificationCode>LS-G3-2</IdentificationCode>
            </LearningStandardIdentity>
        </LearningStandardReference>
    </LearningObjective>
    <LearningObjective>
        <LearningObjectiveId>
            <IdentificationCode>LO-G3-8</IdentificationCode>
        </LearningObjectiveId>
        <Objective>Punctuation</Objective>
        <AcademicSubject>Writing</AcademicSubject>
        <ObjectiveGradeLevel>Third grade</ObjectiveGradeLevel>
        <LearningStandardReference>
            <LearningStandardIdentity>
                <IdentificationCode>LS-G3-2</IdentificationCode>
            </LearningStandardIdentity>
        </LearningStandardReference>
    </LearningObjective>
    <LearningObjective>
        <LearningObjectiveId>
            <IdentificationCode>LO-G3-9</IdentificationCode>
        </LearningObjectiveId>
        <Objective>Grammar and Usage</Objective>
        <AcademicSubject>Writing</AcademicSubject>
        <ObjectiveGradeLevel>Third grade</ObjectiveGradeLevel>
        <LearningStandardReference>
            <LearningStandardIdentity>
                <IdentificationCode>LS-G3-2</IdentificationCode>
            </LearningStandardIdentity>
        </LearningStandardReference>
    </LearningObjective>
    <LearningObjective>
        <LearningObjectiveId>
            <IdentificationCode>LO-G3-10</IdentificationCode>
        </LearningObjectiveId>
        <Objective>Fractions</Objective>
        <AcademicSubject>Mathematics</AcademicSubject>
        <ObjectiveGradeLevel>Third grade</ObjectiveGradeLevel>
        <LearningStandardReference>
            <LearningStandardIdentity>
                <IdentificationCode>LS-G3-3</IdentificationCode>
            </LearningStandardIdentity>
        </LearningStandardReference>
    </LearningObjective>
    <LearningObjective>
        <LearningObjectiveId>
            <IdentificationCode>LO-G3-11</IdentificationCode>
        </LearningObjectiveId>
        <Objective>2 x 2 Multiplication</Objective>
        <AcademicSubject>Mathematics</AcademicSubject>
        <ObjectiveGradeLevel>Third grade</ObjectiveGradeLevel>
        <LearningStandardReference>
            <LearningStandardIdentity>
                <IdentificationCode>LS-G3-3</IdentificationCode>
            </LearningStandardIdentity>
        </LearningStandardReference>
    </LearningObjective>
    <LearningObjective>
        <LearningObjectiveId>
            <IdentificationCode>LO-G3-12</IdentificationCode>
        </LearningObjectiveId>
        <Objective>Weights and Measures</Objective>
        <AcademicSubject>Mathematics</AcademicSubject>
        <ObjectiveGradeLevel>Third grade</ObjectiveGradeLevel>
        <LearningStandardReference>
            <LearningStandardIdentity>
                <IdentificationCode>LS-G3-3</IdentificationCode>
            </LearningStandardIdentity>
        </LearningStandardReference>
    </LearningObjective>
    <LearningObjective>
        <LearningObjectiveId>
            <IdentificationCode>LO-G3-13</IdentificationCode>
        </LearningObjectiveId>
        <Objective>Place Value</Objective>
        <AcademicSubject>Mathematics</AcademicSubject>
        <ObjectiveGradeLevel>Third grade</ObjectiveGradeLevel>
        <LearningStandardReference>
            <LearningStandardIdentity>
                <IdentificationCode>LS-G3-3</IdentificationCode>
            </LearningStandardIdentity>
        </LearningStandardReference>
    </LearningObjective>
    <LearningObjective>
        <LearningObjectiveId>
            <IdentificationCode>LO-G3-14</IdentificationCode>
        </LearningObjectiveId>
        <Objective>Addition (Sums to 100)</Objective>
        <AcademicSubject>Mathematics</AcademicSubject>
        <ObjectiveGradeLevel>Third grade</ObjectiveGradeLevel>
        <LearningStandardReference>
            <LearningStandardIdentity>
                <IdentificationCode>LS-G3-3</IdentificationCode>
            </LearningStandardIdentity>
        </LearningStandardReference>
    </LearningObjective>
    <LearningObjective>
        <LearningObjectiveId>
            <IdentificationCode>LO-G3-15</IdentificationCode>
        </LearningObjectiveId>
        <Objective>Subtraction (Differences to 50)</Objective>
        <AcademicSubject>Mathematics</AcademicSubject>
        <ObjectiveGradeLevel>Third grade</ObjectiveGradeLevel>
        <LearningStandardReference>
            <LearningStandardIdentity>
                <IdentificationCode>LS-G3-3</IdentificationCode>
            </LearningStandardIdentity>
        </LearningStandardReference>
    </LearningObjective>
    <LearningObjective>
        <LearningObjectiveId>
            <IdentificationCode>LO-G3-16</IdentificationCode>
        </LearningObjectiveId>
        <Objective>The Revolutionary Period</Objective>
        <AcademicSubject>Social Studies</AcademicSubject>
        <ObjectiveGradeLevel>Third grade</ObjectiveGradeLevel>
        <LearningStandardReference>
            <LearningStandardIdentity>
                <IdentificationCode>LS-G3-4</IdentificationCode>
            </LearningStandardIdentity>
        </LearningStandardReference>
    </LearningObjective>
    <LearningObjective>
        <LearningObjectiveId>
            <IdentificationCode>LO-G3-17</IdentificationCode>
        </LearningObjectiveId>
        <Objective>U.S. Geography</Objective>
        <AcademicSubject>Social Studies</AcademicSubject>
        <ObjectiveGradeLevel>Third grade</ObjectiveGradeLevel>
        <LearningStandardReference>
            <LearningStandardIdentity>
                <IdentificationCode>LS-G3-4</IdentificationCode>
            </LearningStandardIdentity>
        </LearningStandardReference>
    </LearningObjective>
    <LearningObjective>
        <LearningObjectiveId>
            <IdentificationCode>LO-G3-18</IdentificationCode>
        </LearningObjectiveId>
        <Objective>Polls and Surveys</Objective>
        <AcademicSubject>Social Studies</AcademicSubject>
        <ObjectiveGradeLevel>Third grade</ObjectiveGradeLevel>
        <LearningStandardReference>
            <LearningStandardIdentity>
                <IdentificationCode>LS-G3-4</IdentificationCode>
            </LearningStandardIdentity>
        </LearningStandardReference>
    </LearningObjective>
    <LearningObjective>
        <LearningObjectiveId>
            <IdentificationCode>LO-G3-19</IdentificationCode>
        </LearningObjectiveId>
        <Objective>Elections and Legislation</Objective>
        <AcademicSubject>Social Studies</AcademicSubject>
        <ObjectiveGradeLevel>Third grade</ObjectiveGradeLevel>
        <LearningStandardReference>
            <LearningStandardIdentity>
                <IdentificationCode>LS-G3-4</IdentificationCode>
            </LearningStandardIdentity>
        </LearningStandardReference>
    </LearningObjective>
    <LearningObjective>
        <LearningObjectiveId>
            <IdentificationCode>LO-G3-20</IdentificationCode>
        </LearningObjectiveId>
        <Objective>Gravity</Objective>
        <AcademicSubject>Science</AcademicSubject>
        <ObjectiveGradeLevel>Third grade</ObjectiveGradeLevel>
        <LearningStandardReference>
            <LearningStandardIdentity>
                <IdentificationCode>LS-G3-5</IdentificationCode>
            </LearningStandardIdentity>
        </LearningStandardReference>
    </LearningObjective>
    <LearningObjective>
        <LearningObjectiveId>
            <IdentificationCode>LO-G3-21</IdentificationCode>
        </LearningObjectiveId>
        <Objective>Electro-Magnetism</Objective>
        <AcademicSubject>Science</AcademicSubject>
        <ObjectiveGradeLevel>Third grade</ObjectiveGradeLevel>
        <LearningStandardReference>
            <LearningStandardIdentity>
                <IdentificationCode>LS-G3-5</IdentificationCode>
            </LearningStandardIdentity>
        </LearningStandardReference>
    </LearningObjective>
    <LearningObjective>
        <LearningObjectiveId>
            <IdentificationCode>LO-G3-22</IdentificationCode>
        </LearningObjectiveId>
        <Objective>Data Collection</Objective>
        <AcademicSubject>Science</AcademicSubject>
        <ObjectiveGradeLevel>Third grade</ObjectiveGradeLevel>
        <LearningStandardReference>
            <LearningStandardIdentity>
                <IdentificationCode>LS-G3-5</IdentificationCode>
            </LearningStandardIdentity>
        </LearningStandardReference>
    </LearningObjective>
    <LearningObjective>
        <LearningObjectiveId>
            <IdentificationCode>LO-G3-23</IdentificationCode>
        </LearningObjectiveId>
        <Objective>Experimental Design</Objective>
        <AcademicSubject>Science</AcademicSubject>
        <ObjectiveGradeLevel>Third grade</ObjectiveGradeLevel>
        <LearningStandardReference>
            <LearningStandardIdentity>
                <IdentificationCode>LS-G3-5</IdentificationCode>
            </LearningStandardIdentity>
        </LearningStandardReference>
    </LearningObjective>
    <LearningObjective>
        <LearningObjectiveId>
            <IdentificationCode>LO-G3-24</IdentificationCode>
        </LearningObjectiveId>
        <Objective>Soccer</Objective>
        <AcademicSubject>Physical, Health, and Safety Education</AcademicSubject>
        <ObjectiveGradeLevel>Third grade</ObjectiveGradeLevel>
        <LearningStandardReference>
            <LearningStandardIdentity>
                <IdentificationCode>LS-G3-6</IdentificationCode>
            </LearningStandardIdentity>
        </LearningStandardReference>
    </LearningObjective>
    <LearningObjective>
        <LearningObjectiveId>
            <IdentificationCode>LO-G3-25</IdentificationCode>
        </LearningObjectiveId>
        <Objective>Sportsmanship</Objective>
        <AcademicSubject>Physical, Health, and Safety Education</AcademicSubject>
        <ObjectiveGradeLevel>Third grade</ObjectiveGradeLevel>
        <LearningStandardReference>
            <LearningStandardIdentity>
                <IdentificationCode>LS-G3-6</IdentificationCode>
            </LearningStandardIdentity>
        </LearningStandardReference>
    </LearningObjective>
    <LearningObjective>
        <LearningObjectiveId>
            <IdentificationCode>LO-G3-26</IdentificationCode>
        </LearningObjectiveId>
        <Objective>Track and Field</Objective>
        <AcademicSubject>Physical, Health, and Safety Education</AcademicSubject>
        <ObjectiveGradeLevel>Third grade</ObjectiveGradeLevel>
        <LearningStandardReference>
            <LearningStandardIdentity>
                <IdentificationCode>LS-G3-6</IdentificationCode>
            </LearningStandardIdentity>
        </LearningStandardReference>
    </LearningObjective>
    <LearningObjective>
        <LearningObjectiveId>
            <IdentificationCode>LO-G3-27</IdentificationCode>
        </LearningObjectiveId>
        <Objective>Archery</Objective>
        <AcademicSubject>Physical, Health, and Safety Education</AcademicSubject>
        <ObjectiveGradeLevel>Third grade</ObjectiveGradeLevel>
        <LearningStandardReference>
            <LearningStandardIdentity>
                <IdentificationCode>LS-G3-6</IdentificationCode>
            </LearningStandardIdentity>
        </LearningStandardReference>
    </LearningObjective>
    <!-- LearningObjectives for kindergartners -->
    <LearningObjective>
        <LearningObjectiveId>
            <IdentificationCode>LO-GK-1</IdentificationCode>
        </LearningObjectiveId>
        <Objective>Phonemic Awareness</Objective>
        <AcademicSubject>Reading</AcademicSubject>
        <ObjectiveGradeLevel>Kindergarten</ObjectiveGradeLevel>
        <LearningStandardReference>
            <LearningStandardIdentity>
                <IdentificationCode>LS-GK-1</IdentificationCode>
            </LearningStandardIdentity>
        </LearningStandardReference>
    </LearningObjective>
    <LearningObjective>
        <LearningObjectiveId>
            <IdentificationCode>LO-GK-2</IdentificationCode>
        </LearningObjectiveId>
        <Objective>Phonics</Objective>
        <AcademicSubject>Reading</AcademicSubject>
        <ObjectiveGradeLevel>Kindergarten</ObjectiveGradeLevel>
        <LearningStandardReference>
            <LearningStandardIdentity>
                <IdentificationCode>LS-GK-1</IdentificationCode>
            </LearningStandardIdentity>
        </LearningStandardReference>
    </LearningObjective>
    <LearningObjective>
        <LearningObjectiveId>
            <IdentificationCode>LO-GK-3</IdentificationCode>
        </LearningObjectiveId>
        <Objective>Comprehension</Objective>
        <AcademicSubject>Reading</AcademicSubject>
        <ObjectiveGradeLevel>Kindergarten</ObjectiveGradeLevel>
        <LearningStandardReference>
            <LearningStandardIdentity>
                <IdentificationCode>LS-GK-1</IdentificationCode>
            </LearningStandardIdentity>
        </LearningStandardReference>
    </LearningObjective>
    <LearningObjective>
        <LearningObjectiveId>
            <IdentificationCode>LO-GK-4</IdentificationCode>
        </LearningObjectiveId>
        <Objective>Fluency</Objective>
        <AcademicSubject>Reading</AcademicSubject>
        <ObjectiveGradeLevel>Kindergarten</ObjectiveGradeLevel>
        <LearningStandardReference>
            <LearningStandardIdentity>
                <IdentificationCode>LS-GK-1</IdentificationCode>
            </LearningStandardIdentity>
        </LearningStandardReference>
    </LearningObjective>
    <LearningObjective>
        <LearningObjectiveId>
            <IdentificationCode>LO-GK-5</IdentificationCode>
        </LearningObjectiveId>
        <Objective>Content</Objective>
        <AcademicSubject>Writing</AcademicSubject>
        <ObjectiveGradeLevel>Kindergarten</ObjectiveGradeLevel>
        <LearningStandardReference>
            <LearningStandardIdentity>
                <IdentificationCode>LS-GK-2</IdentificationCode>
            </LearningStandardIdentity>
        </LearningStandardReference>
    </LearningObjective>
    <LearningObjective>
        <LearningObjectiveId>
            <IdentificationCode>LO-GK-6</IdentificationCode>
        </LearningObjectiveId>
        <Objective>Sentence Structure</Objective>
        <AcademicSubject>Writing</AcademicSubject>
        <ObjectiveGradeLevel>Kindergarten</ObjectiveGradeLevel>
        <LearningStandardReference>
            <LearningStandardIdentity>
                <IdentificationCode>LS-GK-2</IdentificationCode>
            </LearningStandardIdentity>
        </LearningStandardReference>
    </LearningObjective>
    <LearningObjective>
        <LearningObjectiveId>
            <IdentificationCode>LO-GK-7</IdentificationCode>
        </LearningObjectiveId>
        <Objective>Conventions</Objective>
        <AcademicSubject>Writing</AcademicSubject>
        <ObjectiveGradeLevel>Kindergarten</ObjectiveGradeLevel>
        <LearningStandardReference>
            <LearningStandardIdentity>
                <IdentificationCode>LS-GK-2</IdentificationCode>
            </LearningStandardIdentity>
        </LearningStandardReference>
    </LearningObjective>
    <LearningObjective>
        <LearningObjectiveId>
            <IdentificationCode>LO-GK-8</IdentificationCode>
        </LearningObjectiveId>
        <Objective>Handwriting</Objective>
        <AcademicSubject>Writing</AcademicSubject>
        <ObjectiveGradeLevel>First grade</ObjectiveGradeLevel>
        <LearningStandardReference>
            <LearningStandardIdentity>
                <IdentificationCode>LS-GK-2</IdentificationCode>
            </LearningStandardIdentity>
        </LearningStandardReference>
    </LearningObjective>
    <LearningObjective>
        <LearningObjectiveId>
            <IdentificationCode>LO-GK-9</IdentificationCode>
        </LearningObjectiveId>
        <Objective>Computation</Objective>
        <AcademicSubject>Mathematics</AcademicSubject>
        <ObjectiveGradeLevel>Kindergarten</ObjectiveGradeLevel>
        <LearningStandardReference>
            <LearningStandardIdentity>
                <IdentificationCode>LS-GK-3</IdentificationCode>
            </LearningStandardIdentity>
        </LearningStandardReference>
    </LearningObjective>
    <LearningObjective>
        <LearningObjectiveId>
            <IdentificationCode>LO-GK-10</IdentificationCode>
        </LearningObjectiveId>
        <Objective>Calculus</Objective>
        <AcademicSubject>Mathematics</AcademicSubject>
        <ObjectiveGradeLevel>Kindergarten</ObjectiveGradeLevel>
        <LearningStandardReference>
            <LearningStandardIdentity>
                <IdentificationCode>LS-GK-3</IdentificationCode>
            </LearningStandardIdentity>
        </LearningStandardReference>
    </LearningObjective>
    <LearningObjective>
        <LearningObjectiveId>
            <IdentificationCode>LO-GK-11</IdentificationCode>
        </LearningObjectiveId>
        <Objective>Measurement</Objective>
        <AcademicSubject>Mathematics</AcademicSubject>
        <ObjectiveGradeLevel>Kindergarten</ObjectiveGradeLevel>
        <LearningStandardReference>
            <LearningStandardIdentity>
                <IdentificationCode>LS-GK-3</IdentificationCode>
            </LearningStandardIdentity>
        </LearningStandardReference>
    </LearningObjective>
    <LearningObjective>
        <LearningObjectiveId>
            <IdentificationCode>LO-GK-12</IdentificationCode>
        </LearningObjectiveId>
        <Objective>Statistics</Objective>
        <AcademicSubject>Mathematics</AcademicSubject>
        <ObjectiveGradeLevel>Kindergarten</ObjectiveGradeLevel>
        <LearningStandardReference>
            <LearningStandardIdentity>
                <IdentificationCode>LS-GK-3</IdentificationCode>
            </LearningStandardIdentity>
        </LearningStandardReference>
    </LearningObjective>
    <LearningObjective>
        <LearningObjectiveId>
            <IdentificationCode>LO-GK-13</IdentificationCode>
        </LearningObjectiveId>
        <Objective>States of Matter</Objective>
        <AcademicSubject>Science</AcademicSubject>
        <ObjectiveGradeLevel>Kindergarten</ObjectiveGradeLevel>
        <LearningStandardReference>
            <LearningStandardIdentity>
                <IdentificationCode>LS-GK-4</IdentificationCode>
            </LearningStandardIdentity>
        </LearningStandardReference>
    </LearningObjective>
    <LearningObjective>
        <LearningObjectiveId>
            <IdentificationCode>LO-GK-14</IdentificationCode>
        </LearningObjectiveId>
        <Objective>The Water Cycle</Objective>
        <AcademicSubject>Science</AcademicSubject>
        <ObjectiveGradeLevel>Kindergarten</ObjectiveGradeLevel>
        <LearningStandardReference>
            <LearningStandardIdentity>
                <IdentificationCode>LS-GK-4</IdentificationCode>
            </LearningStandardIdentity>
        </LearningStandardReference>
    </LearningObjective>
    <LearningObjective>
        <LearningObjectiveId>
            <IdentificationCode>LO-GK-15</IdentificationCode>
        </LearningObjectiveId>
        <Objective>The Universe</Objective>
        <AcademicSubject>Science</AcademicSubject>
        <ObjectiveGradeLevel>Kindergarten</ObjectiveGradeLevel>
        <LearningStandardReference>
            <LearningStandardIdentity>
                <IdentificationCode>LS-GK-4</IdentificationCode>
            </LearningStandardIdentity>
        </LearningStandardReference>
    </LearningObjective>
    <LearningObjective>
        <LearningObjectiveId>
            <IdentificationCode>LO-GK-16</IdentificationCode>
        </LearningObjectiveId>
        <Objective>Scientific Method</Objective>
        <AcademicSubject>Science</AcademicSubject>
        <ObjectiveGradeLevel>Kindergarten</ObjectiveGradeLevel>
        <LearningStandardReference>
            <LearningStandardIdentity>
                <IdentificationCode>LS-GK-4</IdentificationCode>
            </LearningStandardIdentity>
        </LearningStandardReference>
    </LearningObjective>
    <LearningObjective>
        <LearningObjectiveId>
            <IdentificationCode>LO-GK-17</IdentificationCode>
        </LearningObjectiveId>
        <Objective>Initial Sounds</Objective>
        <AcademicSubject>Reading</AcademicSubject>
        <ObjectiveGradeLevel>Kindergarten</ObjectiveGradeLevel>
        <LearningStandardReference>
            <LearningStandardIdentity>
                <IdentificationCode>LS-GK-1</IdentificationCode>
            </LearningStandardIdentity>
        </LearningStandardReference>
    </LearningObjective>
    <LearningObjective>
        <LearningObjectiveId>
            <IdentificationCode>LO-GK-18</IdentificationCode>
        </LearningObjectiveId>
        <Objective>Final Sounds</Objective>
        <AcademicSubject>Reading</AcademicSubject>
        <ObjectiveGradeLevel>Kindergarten</ObjectiveGradeLevel>
        <LearningStandardReference>
            <LearningStandardIdentity>
                <IdentificationCode>LS-GK-1</IdentificationCode>
            </LearningStandardIdentity>
        </LearningStandardReference>
    </LearningObjective>
    <LearningObjective>
        <LearningObjectiveId>
            <IdentificationCode>LO-GK-19</IdentificationCode>
        </LearningObjectiveId>
        <Objective>Digraphs</Objective>
        <AcademicSubject>Reading</AcademicSubject>
        <ObjectiveGradeLevel>Kindergarten</ObjectiveGradeLevel>
        <LearningStandardReference>
            <LearningStandardIdentity>
                <IdentificationCode>LS-GK-1</IdentificationCode>
            </LearningStandardIdentity>
        </LearningStandardReference>
    </LearningObjective>
    <LearningObjective>
        <LearningObjectiveId>
            <IdentificationCode>LO-GK-20</IdentificationCode>
        </LearningObjectiveId>
        <Objective>Summary</Objective>
        <AcademicSubject>Reading</AcademicSubject>
        <ObjectiveGradeLevel>Kindergarten</ObjectiveGradeLevel>
        <LearningStandardReference>
            <LearningStandardIdentity>
                <IdentificationCode>LS-GK-1</IdentificationCode>
            </LearningStandardIdentity>
        </LearningStandardReference>
    </LearningObjective>
    <LearningObjective>
        <LearningObjectiveId>
            <IdentificationCode>LO-GK-21</IdentificationCode>
        </LearningObjectiveId>
        <Objective>Handwriting</Objective>
        <AcademicSubject>Writing</AcademicSubject>
        <ObjectiveGradeLevel>Kindergarten</ObjectiveGradeLevel>
        <LearningStandardReference>
            <LearningStandardIdentity>
                <IdentificationCode>LS-GK-2</IdentificationCode>
            </LearningStandardIdentity>
        </LearningStandardReference>
    </LearningObjective>
    <LearningObjective>
        <LearningObjectiveId>
            <IdentificationCode>LO-GK-22</IdentificationCode>
        </LearningObjectiveId>
        <Objective>Spelling</Objective>
        <AcademicSubject>Writing</AcademicSubject>
        <ObjectiveGradeLevel>Kindergarten</ObjectiveGradeLevel>
        <LearningStandardReference>
            <LearningStandardIdentity>
                <IdentificationCode>LS-GK-2</IdentificationCode>
            </LearningStandardIdentity>
        </LearningStandardReference>
    </LearningObjective>
    <LearningObjective>
        <LearningObjectiveId>
            <IdentificationCode>LO-GK-23</IdentificationCode>
        </LearningObjectiveId>
        <Objective>Initial and Terminal Punctuation</Objective>
        <AcademicSubject>Writing</AcademicSubject>
        <ObjectiveGradeLevel>Kindergarten</ObjectiveGradeLevel>
        <LearningStandardReference>
            <LearningStandardIdentity>
                <IdentificationCode>LS-GK-2</IdentificationCode>
            </LearningStandardIdentity>
        </LearningStandardReference>
    </LearningObjective>
    <LearningObjective>
        <LearningObjectiveId>
            <IdentificationCode>LO-GK-24</IdentificationCode>
        </LearningObjectiveId>
        <Objective>Sentences in SVO Form</Objective>
        <AcademicSubject>Writing</AcademicSubject>
        <ObjectiveGradeLevel>Kindergarten</ObjectiveGradeLevel>
        <LearningStandardReference>
            <LearningStandardIdentity>
                <IdentificationCode>LS-GK-2</IdentificationCode>
            </LearningStandardIdentity>
        </LearningStandardReference>
    </LearningObjective>
    <LearningObjective>
        <LearningObjectiveId>
            <IdentificationCode>LO-GK-25</IdentificationCode>
        </LearningObjectiveId>
        <Objective>Counting: Up to 20 by 1s, 2s, and 5s</Objective>
        <AcademicSubject>Mathematics</AcademicSubject>
        <ObjectiveGradeLevel>Kindergarten</ObjectiveGradeLevel>
        <LearningStandardReference>
            <LearningStandardIdentity>
                <IdentificationCode>LS-GK-3</IdentificationCode>
            </LearningStandardIdentity>
        </LearningStandardReference>
    </LearningObjective>
    <LearningObjective>
        <LearningObjectiveId>
            <IdentificationCode>LO-GK-26</IdentificationCode>
        </LearningObjectiveId>
        <Objective>Addition: Sums 0 to 20</Objective>
        <AcademicSubject>Mathematics</AcademicSubject>
        <ObjectiveGradeLevel>Kindergarten</ObjectiveGradeLevel>
        <LearningStandardReference>
            <LearningStandardIdentity>
                <IdentificationCode>LS-GK-3</IdentificationCode>
            </LearningStandardIdentity>
        </LearningStandardReference>
    </LearningObjective>
    <LearningObjective>
        <LearningObjectiveId>
            <IdentificationCode>LO-GK-27</IdentificationCode>
        </LearningObjectiveId>
        <Objective>Subtraction: Differences 0 to 10</Objective>
        <AcademicSubject>Mathematics</AcademicSubject>
        <ObjectiveGradeLevel>Kindergarten</ObjectiveGradeLevel>
        <LearningStandardReference>
            <LearningStandardIdentity>
                <IdentificationCode>LS-GK-3</IdentificationCode>
            </LearningStandardIdentity>
        </LearningStandardReference>
    </LearningObjective>
    <LearningObjective>
        <LearningObjectiveId>
            <IdentificationCode>LO-GK-28</IdentificationCode>
        </LearningObjectiveId>
        <Objective>Spelling of numerals</Objective>
        <AcademicSubject>Mathematics</AcademicSubject>
        <ObjectiveGradeLevel>Kindergarten</ObjectiveGradeLevel>
        <LearningStandardReference>
            <LearningStandardIdentity>
                <IdentificationCode>LS-GK-3</IdentificationCode>
            </LearningStandardIdentity>
        </LearningStandardReference>
    </LearningObjective>
    <LearningObjective>
        <LearningObjectiveId>
            <IdentificationCode>LO-GK-29</IdentificationCode>
        </LearningObjectiveId>
        <Objective>Dinosaurs</Objective>
        <AcademicSubject>Science</AcademicSubject>
        <ObjectiveGradeLevel>Kindergarten</ObjectiveGradeLevel>
        <LearningStandardReference>
            <LearningStandardIdentity>
                <IdentificationCode>LS-GK-4</IdentificationCode>
            </LearningStandardIdentity>
        </LearningStandardReference>
    </LearningObjective>
    <LearningObjective>
        <LearningObjectiveId>
            <IdentificationCode>LO-GK-30</IdentificationCode>
        </LearningObjectiveId>
        <Objective>The Rainforest</Objective>
        <AcademicSubject>Science</AcademicSubject>
        <ObjectiveGradeLevel>Kindergarten</ObjectiveGradeLevel>
        <LearningStandardReference>
            <LearningStandardIdentity>
                <IdentificationCode>LS-GK-4</IdentificationCode>
            </LearningStandardIdentity>
        </LearningStandardReference>
    </LearningObjective>
    <LearningObjective>
        <LearningObjectiveId>
            <IdentificationCode>LO-GK-31</IdentificationCode>
        </LearningObjectiveId>
        <Objective>The Solar System</Objective>
        <AcademicSubject>Science</AcademicSubject>
        <ObjectiveGradeLevel>Kindergarten</ObjectiveGradeLevel>
        <LearningStandardReference>
            <LearningStandardIdentity>
                <IdentificationCode>LS-GK-4</IdentificationCode>
            </LearningStandardIdentity>
        </LearningStandardReference>
    </LearningObjective>
    <LearningObjective>
        <LearningObjectiveId>
            <IdentificationCode>LO-GK-32</IdentificationCode>
        </LearningObjectiveId>
        <Objective>Hypothesis</Objective>
        <AcademicSubject>Science</AcademicSubject>
        <ObjectiveGradeLevel>Kindergarten</ObjectiveGradeLevel>
        <LearningStandardReference>
            <LearningStandardIdentity>
                <IdentificationCode>LS-GK-4</IdentificationCode>
            </LearningStandardIdentity>
        </LearningStandardReference>
    </LearningObjective>
</InterchangeAssessmentMetadata>