<InterchangeAssessmentMetadata xmlns:xsi="http://www.w3.org/2001/XMLSchema-instance" xmlns="http://ed-fi.org/0100"
xsi:schemaLocation="http://ed-fi.org/0100 ../../sli/common/domain/src/main/resources/edfiXsd/Interchange-AssessmentMetadata.xsd">

    <Assessment id="AP-1">
        <AssessmentTitle>English Literature and Composition</AssessmentTitle>
        <AssessmentIdentificationCode
        IdentificationSystem="Test Contractor">
            <ID>AP English Literature and Composition</ID>
        </AssessmentIdentificationCode>
        <AssessmentCategory>College entrance exam</AssessmentCategory>
        <GradeLevelAssessed>Twelfth grade</GradeLevelAssessed>
        <AssessmentPerformanceLevel>
            <PerformanceLevel>
                <CodeValue>5</CodeValue>
            </PerformanceLevel>
            <AssessmentReportingMethod>Achievement/proficiency level</AssessmentReportingMethod>
        </AssessmentPerformanceLevel>
        <AssessmentPerformanceLevel>
            <PerformanceLevel>
                <CodeValue>4</CodeValue>
            </PerformanceLevel>
            <AssessmentReportingMethod>Achievement/proficiency level</AssessmentReportingMethod>
        </AssessmentPerformanceLevel>
        <AssessmentPerformanceLevel>
            <PerformanceLevel>
                <CodeValue>3</CodeValue>
            </PerformanceLevel>
            <AssessmentReportingMethod>Achievement/proficiency level</AssessmentReportingMethod>
        </AssessmentPerformanceLevel>
        <AssessmentPerformanceLevel>
            <PerformanceLevel>
                <CodeValue>2</CodeValue>
            </PerformanceLevel>
            <AssessmentReportingMethod>Achievement/proficiency level</AssessmentReportingMethod>
        </AssessmentPerformanceLevel>
        <AssessmentPerformanceLevel>
            <PerformanceLevel>
                <CodeValue>1</CodeValue>
            </PerformanceLevel>
            <AssessmentReportingMethod>Achievement/proficiency level</AssessmentReportingMethod>
        </AssessmentPerformanceLevel>
        <ContentStandard>Advanced Placement</ContentStandard>
        <Version>1</Version>
        <RevisionDate>2005-03-12</RevisionDate>
        <AssessmentFamilyReference>
            <AssessmentFamilyIdentity>
              <AssessmentFamilyTitle>AP-Eng-and-Literature</AssessmentFamilyTitle>
            </AssessmentFamilyIdentity>
        </AssessmentFamilyReference>
    </Assessment>
    <!-- ============================================== -->

    <Assessment id="AP-2">
        <AssessmentTitle>English Language and Composition</AssessmentTitle>
        <AssessmentIdentificationCode
        IdentificationSystem="Test Contractor">
            <ID>AP English Language and Composition</ID>
        </AssessmentIdentificationCode>
        <AssessmentCategory>College entrance exam</AssessmentCategory>
        <GradeLevelAssessed>Twelfth grade</GradeLevelAssessed>
        <AssessmentPerformanceLevel>
            <PerformanceLevel>
                <CodeValue>5</CodeValue>
            </PerformanceLevel>
            <AssessmentReportingMethod>Achievement/proficiency level</AssessmentReportingMethod>
        </AssessmentPerformanceLevel>
        <AssessmentPerformanceLevel>
            <PerformanceLevel>
                <CodeValue>4</CodeValue>
            </PerformanceLevel>
            <AssessmentReportingMethod>Achievement/proficiency level</AssessmentReportingMethod>
        </AssessmentPerformanceLevel>
        <AssessmentPerformanceLevel>
            <PerformanceLevel>
                <CodeValue>3</CodeValue>
            </PerformanceLevel>
            <AssessmentReportingMethod>Achievement/proficiency level</AssessmentReportingMethod>
        </AssessmentPerformanceLevel>
        <AssessmentPerformanceLevel>
            <PerformanceLevel>
                <CodeValue>2</CodeValue>
            </PerformanceLevel>
            <AssessmentReportingMethod>Achievement/proficiency level</AssessmentReportingMethod>
        </AssessmentPerformanceLevel>
        <AssessmentPerformanceLevel>
            <PerformanceLevel>
                <CodeValue>1</CodeValue>
            </PerformanceLevel>
            <AssessmentReportingMethod>Achievement/proficiency level</AssessmentReportingMethod>
        </AssessmentPerformanceLevel>
        <ContentStandard>Advanced Placement</ContentStandard>
        <Version>1</Version>
        <RevisionDate>2005-03-12</RevisionDate>
        <AssessmentFamilyReference>
            <AssessmentFamilyIdentity>
              <AssessmentFamilyTitle>AP-Lang-and-Literature</AssessmentFamilyTitle>
            </AssessmentFamilyIdentity>
        </AssessmentFamilyReference>
    </Assessment>
    
    <!-- Assessment Family Section -->
    
    <AssessmentFamily id="AP">
        <AssessmentFamilyTitle>AP</AssessmentFamilyTitle>
        <AssessmentFamilyIdentificationCode IdentificationSystem="Test Contractor">
            <ID>AP</ID>
        </AssessmentFamilyIdentificationCode>
    </AssessmentFamily>
    
    <AssessmentFamily id="AP-Eng">
        <AssessmentFamilyTitle>AP Eng</AssessmentFamilyTitle>
        <AssessmentFamilyIdentificationCode IdentificationSystem="Test Contractor">
            <ID>AP Eng</ID>
        </AssessmentFamilyIdentificationCode>
        <AssessmentFamilyReference>
            <AssessmentFamilyIdentity>
              <AssessmentFamilyTitle>AP</AssessmentFamilyTitle>
            </AssessmentFamilyIdentity>
        </AssessmentFamilyReference>
    </AssessmentFamily>
    
    <AssessmentFamily id="AP-Eng-and-Literature">
        <AssessmentFamilyTitle>AP-Eng-and-Literature</AssessmentFamilyTitle>
        <AssessmentFamilyIdentificationCode IdentificationSystem="Test Contractor">
            <ID>AP-Eng-and-Literature</ID>
        </AssessmentFamilyIdentificationCode>
        <AssessmentFamilyReference>
            <AssessmentFamilyIdentity>
              <AssessmentFamilyTitle>AP Eng</AssessmentFamilyTitle>
            </AssessmentFamilyIdentity>
        </AssessmentFamilyReference>
    </AssessmentFamily>
    
    <AssessmentFamily id="AP-Lang-and-Literature">
        <AssessmentFamilyTitle>AP-Lang-and-Literature</AssessmentFamilyTitle>
        <AssessmentFamilyIdentificationCode IdentificationSystem="Test Contractor">
            <ID>AP-Lang-and-Literature</ID>
        </AssessmentFamilyIdentificationCode>
        <AssessmentFamilyReference>
            <AssessmentFamilyIdentity>
              <AssessmentFamilyTitle>AP Eng</AssessmentFamilyTitle>
            </AssessmentFamilyIdentity>
        </AssessmentFamilyReference>
    </AssessmentFamily>
    
    
    
</InterchangeAssessmentMetadata>
