<?xml version="1.0" ?>
<!-- edited with XMLSpy v2012 sp1 (x64) (http://www.altova.com) by Peter Backes (Wireless Generation) -->
<!--Sample XML file generated by XMLSpy v2012 sp1 (http://www.altova.com) -->
<InterchangeStaffAssociation xmlns="http://ed-fi.org/0100" xmlns:xsi="http://www.w3.org/2001/XMLSchema-instance" xsi:schemaLocation="http://ed-fi.org/0100 ../../../../../../domain/src/main/resources/edfiXsd/Interchange-StaffAssociation.xsd">
  <!-- Charles Gray -->
  <Teacher>
    <StaffUniqueStateId>cgray</StaffUniqueStateId>
    <StaffIdentificationCode AssigningOrganizationCode="a" IdentificationSystem="Canadian SIN">
      <ID>a</ID>
    </StaffIdentificationCode>
    <Name Verification="Drivers license">
      <PersonalTitlePrefix>Mr</PersonalTitlePrefix>
      <FirstName>Charles</FirstName>
      <LastSurname>Gray</LastSurname>
    </Name>
    <Sex>Male</Sex>
    <BirthDate>1975-06-29</BirthDate>
    <Address AddressType="Mailing">
      <StreetNumberName>123 Smith Street</StreetNumberName>
      <City>Chicago</City>
      <StateAbbreviation>IL</StateAbbreviation>
      <PostalCode>12345</PostalCode>
      <BeginDate>1967-08-13</BeginDate>
      <EndDate>1967-08-13</EndDate>
    </Address>
    <Telephone PrimaryTelephoneNumberIndicator="true" TelephoneNumberType="Fax">
      <TelephoneNumber>a</TelephoneNumber>
    </Telephone>
    <ElectronicMail EmailAddressType="Organization">
      <EmailAddress>dummy@fake.com</EmailAddress>
    </ElectronicMail>
    <HispanicLatinoEthnicity>false</HispanicLatinoEthnicity>
    <OldEthnicity>White, Not Of Hispanic Origin</OldEthnicity>
    <Race>
      <RacialCategory>Native Hawaiian - Pacific Islander</RacialCategory>
    </Race>
    <HighestLevelOfEducationCompleted>No Degree</HighestLevelOfEducationCompleted>
    <YearsOfPriorProfessionalExperience>0</YearsOfPriorProfessionalExperience>
    <YearsOfPriorTeachingExperience>0</YearsOfPriorTeachingExperience>
    <LoginId>a</LoginId>
    <TeacherUniqueStateId>a</TeacherUniqueStateId>
    <HighlyQualifiedTeacher>true</HighlyQualifiedTeacher>
  </Teacher>
  <TeacherSchoolAssociation>
    <TeacherReference>
      <StaffIdentity>
        <StaffUniqueStateId>cgray</StaffUniqueStateId>
      </StaffIdentity>
    </TeacherReference>
    <SchoolReference>
      <EducationalOrgIdentity>
        <StateOrganizationId>Daybreak Central High</StateOrganizationId>
      </EducationalOrgIdentity>
    </SchoolReference>
    <ProgramAssignment>Regular Education</ProgramAssignment>
    <InstructionalGradeLevels>
      <GradeLevel>First grade</GradeLevel>
    </InstructionalGradeLevels>
    <AcademicSubjects>
      <AcademicSubject>Computer and Information Sciences</AcademicSubject>
      <AcademicSubject>English Language and Literature</AcademicSubject>
    </AcademicSubjects>
  </TeacherSchoolAssociation>
  <TeacherSectionAssociation>
    <TeacherReference>
      <StaffIdentity>
        <StaffUniqueStateId>cgray</StaffUniqueStateId>
      </StaffIdentity>
    </TeacherReference>
    <SectionReference>
      <SectionIdentity>
			    <EducationalOrgReference>
			    <EducationalOrgIdentity>
        <StateOrganizationId>Daybreak Central High</StateOrganizationId>
				</EducationalOrgIdentity>
				</EducationalOrgReference>
				<UniqueSectionCode>Sec 145</UniqueSectionCode>
      </SectionIdentity>
    </SectionReference>
    <ClassroomPosition>Teacher of Record</ClassroomPosition>
  </TeacherSectionAssociation>
  <!-- Linda Kim -->
  <Teacher>
    <StaffUniqueStateId>linda.kim</StaffUniqueStateId>
    <StaffIdentificationCode AssigningOrganizationCode="a" IdentificationSystem="Selective Service">
      <ID>a</ID>
    </StaffIdentificationCode>
    <Name Verification="Life insurance policy">
      <PersonalTitlePrefix>Mrs</PersonalTitlePrefix>
      <FirstName>Linda</FirstName>
      <LastSurname>Kim</LastSurname>
    </Name>
    <Sex>Female</Sex>
    <BirthDate>1956-08-14</BirthDate>
    <Address AddressType="Work">
      <StreetNumberName>101 Elm</StreetNumberName>
      <ApartmentRoomSuiteNumber>7B</ApartmentRoomSuiteNumber>
      <City>Brooklyn</City>
      <StateAbbreviation>NY</StateAbbreviation>
      <PostalCode>99999</PostalCode>
      <BeginDate>1967-08-13</BeginDate>
      <EndDate>1967-08-13</EndDate>
    </Address>
    <Telephone PrimaryTelephoneNumberIndicator="true" TelephoneNumberType="Fax">
      <TelephoneNumber>a</TelephoneNumber>
    </Telephone>
    <ElectronicMail EmailAddressType="Organization">
      <EmailAddress>junk@junk.com</EmailAddress>
    </ElectronicMail>
    <HispanicLatinoEthnicity>false</HispanicLatinoEthnicity>
    <OldEthnicity>Hispanic</OldEthnicity>
    <Race>
      <RacialCategory>Black - African American</RacialCategory>
    </Race>
    <HighestLevelOfEducationCompleted>No Degree</HighestLevelOfEducationCompleted>
    <YearsOfPriorProfessionalExperience>0</YearsOfPriorProfessionalExperience>
    <YearsOfPriorTeachingExperience>0</YearsOfPriorTeachingExperience>
    <LoginId>a</LoginId>
    <TeacherUniqueStateId>a</TeacherUniqueStateId>
    <HighlyQualifiedTeacher>false</HighlyQualifiedTeacher>
  </Teacher>
  <TeacherSchoolAssociation>
    <TeacherReference>
      <StaffIdentity>
        <StaffUniqueStateId>linda.kim</StaffUniqueStateId>
      </StaffIdentity>
    </TeacherReference>
    <SchoolReference>
      <EducationalOrgIdentity>
        <StateOrganizationId>East Daybreak Junior High</StateOrganizationId>
      </EducationalOrgIdentity>
    </SchoolReference>
    <ProgramAssignment>Regular Education</ProgramAssignment>
    <InstructionalGradeLevels>
      <GradeLevel>Sixth grade</GradeLevel>
      <GradeLevel>Seventh grade</GradeLevel>
      <GradeLevel>Eighth grade</GradeLevel>
      <GradeLevel>Ninth grade</GradeLevel>
    </InstructionalGradeLevels>
    <AcademicSubjects>
      <AcademicSubject>Computer and Information Sciences</AcademicSubject>
      <AcademicSubject>English Language and Literature</AcademicSubject>
      <AcademicSubject>Mathematics</AcademicSubject>
    </AcademicSubjects>
  </TeacherSchoolAssociation>
  <TeacherSectionAssociation>
    <TeacherReference>
      <StaffIdentity>
        <StaffUniqueStateId>linda.kim</StaffUniqueStateId>
      </StaffIdentity>
    </TeacherReference>
    <SectionReference>
      <SectionIdentity>
			    <EducationalOrgReference>
			    <EducationalOrgIdentity>
        <StateOrganizationId>East Daybreak Junior High</StateOrganizationId>
				</EducationalOrgIdentity>
				</EducationalOrgReference>
				<UniqueSectionCode>8th Grade English - Sec 6</UniqueSectionCode>
      </SectionIdentity>
    </SectionReference>
    <ClassroomPosition>Teacher of Record</ClassroomPosition>
  </TeacherSectionAssociation>
  <TeacherSectionAssociation>
    <TeacherReference>
      <StaffIdentity>
        <StaffUniqueStateId>linda.kim</StaffUniqueStateId>
      </StaffIdentity>
    </TeacherReference>
    <SectionReference>
      <SectionIdentity>
			    <EducationalOrgReference>
			    <EducationalOrgIdentity>
        <StateOrganizationId>East Daybreak Junior High</StateOrganizationId>
				</EducationalOrgIdentity>
				</EducationalOrgReference>
				<UniqueSectionCode>7th Grade English - Sec 5</UniqueSectionCode>
      </SectionIdentity>
    </SectionReference>
    <ClassroomPosition>Teacher of Record</ClassroomPosition>
  </TeacherSectionAssociation>
  <TeacherSectionAssociation>
    <TeacherReference>
      <StaffIdentity>
        <StaffUniqueStateId>linda.kim</StaffUniqueStateId>
      </StaffIdentity>
    </TeacherReference>
    <SectionReference>
      <SectionIdentity>
			    <EducationalOrgReference>
			    <EducationalOrgIdentity>
        <StateOrganizationId>East Daybreak Junior High</StateOrganizationId>
				</EducationalOrgIdentity>
				</EducationalOrgReference>
				<UniqueSectionCode>7th Grade Math - Sec 2</UniqueSectionCode>
      </SectionIdentity>
    </SectionReference>
    <ClassroomPosition>Teacher of Record</ClassroomPosition>
  </TeacherSectionAssociation>
  <TeacherSectionAssociation>
    <TeacherReference>
      <StaffIdentity>
        <StaffUniqueStateId>linda.kim</StaffUniqueStateId>
      </StaffIdentity>
    </TeacherReference>
    <SectionReference>
      <SectionIdentity>
			    <EducationalOrgReference>
			    <EducationalOrgIdentity>
        <StateOrganizationId>East Daybreak Junior High</StateOrganizationId>
				</EducationalOrgIdentity>
				</EducationalOrgReference>
				<UniqueSectionCode>6th Grade English - Sec 4</UniqueSectionCode>
      </SectionIdentity>
    </SectionReference>
    <ClassroomPosition>Teacher of Record</ClassroomPosition>
  </TeacherSectionAssociation>
  <TeacherSectionAssociation>
    <TeacherReference>
      <StaffIdentity>
        <StaffUniqueStateId>linda.kim</StaffUniqueStateId>
      </StaffIdentity>
    </TeacherReference>
    <SectionReference>
      <SectionIdentity>
			    <EducationalOrgReference>
			    <EducationalOrgIdentity>
        <StateOrganizationId>East Daybreak Junior High</StateOrganizationId>
				</EducationalOrgIdentity>
				</EducationalOrgReference>
				<UniqueSectionCode>6th Grade Math - Sec 1</UniqueSectionCode>
      </SectionIdentity>
    </SectionReference>
    <ClassroomPosition>Teacher of Record</ClassroomPosition>
  </TeacherSectionAssociation>
  <!-- Rebecca Braverman -->
  <Teacher>
    <StaffUniqueStateId>rbraverman</StaffUniqueStateId>
    <StaffIdentificationCode AssigningOrganizationCode="a" IdentificationSystem="Canadian SIN">
      <ID>a</ID>
    </StaffIdentificationCode>
    <Name Verification="Drivers license">
      <PersonalTitlePrefix>Ms</PersonalTitlePrefix>
      <FirstName>Rebecca</FirstName>
      <LastSurname>Braverman</LastSurname>
    </Name>
    <Sex>Female</Sex>
    <BirthDate>1976-01-10</BirthDate>
    <Address AddressType="Mailing">
      <StreetNumberName>123 Smith Street</StreetNumberName>
      <City>Chicago</City>
      <StateAbbreviation>IL</StateAbbreviation>
      <PostalCode>12345</PostalCode>
      <BeginDate>1967-08-13</BeginDate>
      <EndDate>1967-08-13</EndDate>
    </Address>
    <Telephone PrimaryTelephoneNumberIndicator="true" TelephoneNumberType="Fax">
      <TelephoneNumber>a</TelephoneNumber>
    </Telephone>
    <ElectronicMail EmailAddressType="Organization">
      <EmailAddress>dummy@fake.com</EmailAddress>
    </ElectronicMail>
    <HispanicLatinoEthnicity>false</HispanicLatinoEthnicity>
    <OldEthnicity>White, Not Of Hispanic Origin</OldEthnicity>
    <Race>
      <RacialCategory>Native Hawaiian - Pacific Islander</RacialCategory>
    </Race>
    <HighestLevelOfEducationCompleted>No Degree</HighestLevelOfEducationCompleted>
    <YearsOfPriorProfessionalExperience>0</YearsOfPriorProfessionalExperience>
    <YearsOfPriorTeachingExperience>0</YearsOfPriorTeachingExperience>
    <LoginId>a</LoginId>
    <TeacherUniqueStateId>a</TeacherUniqueStateId>
    <HighlyQualifiedTeacher>false</HighlyQualifiedTeacher>
  </Teacher>
  <TeacherSchoolAssociation>
    <TeacherReference>
      <StaffIdentity>
        <StaffUniqueStateId>rbraverman</StaffUniqueStateId>
      </StaffIdentity>
    </TeacherReference>
    <SchoolReference>
      <EducationalOrgIdentity>
        <StateOrganizationId>South Daybreak Elementary</StateOrganizationId>
      </EducationalOrgIdentity>
    </SchoolReference>
    <ProgramAssignment>Special Education</ProgramAssignment>
    <InstructionalGradeLevels>
      <GradeLevel>First grade</GradeLevel>
      <GradeLevel>Second grade</GradeLevel>
      <GradeLevel>Third grade</GradeLevel>
      <GradeLevel>Fourth grade</GradeLevel>
      <GradeLevel>Fifth grade</GradeLevel>
    </InstructionalGradeLevels>
    <AcademicSubjects>
      <AcademicSubject>Reading</AcademicSubject>
      <AcademicSubject>Writing</AcademicSubject>
      <AcademicSubject>Mathematics</AcademicSubject>
    </AcademicSubjects>
  </TeacherSchoolAssociation>
  <TeacherSectionAssociation>
    <TeacherReference>
      <StaffIdentity>
        <StaffUniqueStateId>rbraverman</StaffUniqueStateId>
      </StaffIdentity>
    </TeacherReference>
    <SectionReference>
      <SectionIdentity>
			    <EducationalOrgReference>
			    <EducationalOrgIdentity>
        <StateOrganizationId>South Daybreak Elementary</StateOrganizationId>
				</EducationalOrgIdentity>
				</EducationalOrgReference>
				<UniqueSectionCode>Mrs. Braverman's Homeroom #38</UniqueSectionCode>
      </SectionIdentity>
    </SectionReference>
    <ClassroomPosition>Teacher of Record</ClassroomPosition>
  </TeacherSectionAssociation>
  <TeacherSectionAssociation>
    <TeacherReference>
      <StaffIdentity>
        <StaffUniqueStateId>rbraverman</StaffUniqueStateId>
      </StaffIdentity>
    </TeacherReference>
    <SectionReference>
      <SectionIdentity>
			    <EducationalOrgReference>
			    <EducationalOrgIdentity>
        <StateOrganizationId>South Daybreak Elementary</StateOrganizationId>
				</EducationalOrgIdentity>
				</EducationalOrgReference>
				<UniqueSectionCode>Mrs. Braverman's Homeroom #25</UniqueSectionCode>
      </SectionIdentity>
    </SectionReference>
    <ClassroomPosition>Teacher of Record</ClassroomPosition>
  </TeacherSectionAssociation>
  <TeacherSectionAssociation>
    <TeacherReference>
      <StaffIdentity>
        <StaffUniqueStateId>rbraverman</StaffUniqueStateId>
      </StaffIdentity>
    </TeacherReference>
    <SectionReference>
      <SectionIdentity>
			    <EducationalOrgReference>
			    <EducationalOrgIdentity>
        <StateOrganizationId>South Daybreak Elementary</StateOrganizationId>
				</EducationalOrgIdentity>
				</EducationalOrgReference>
				<UniqueSectionCode>Mrs. Braverman's Homeroom #9</UniqueSectionCode>
      </SectionIdentity>
    </SectionReference>
    <ClassroomPosition>Teacher of Record</ClassroomPosition>
  </TeacherSectionAssociation>
  <TeacherSectionAssociation>
    <TeacherReference>
      <StaffIdentity>
        <StaffUniqueStateId>rbraverman</StaffUniqueStateId>
      </StaffIdentity>
    </TeacherReference>
    <SectionReference>
      <SectionIdentity>
			    <EducationalOrgReference>
			    <EducationalOrgIdentity>
        <StateOrganizationId>South Daybreak Elementary</StateOrganizationId>
				</EducationalOrgIdentity>
				</EducationalOrgReference>
				<UniqueSectionCode>Mrs. Braverman's Homeroom #33</UniqueSectionCode>
      </SectionIdentity>
    </SectionReference>
    <ClassroomPosition>Teacher of Record</ClassroomPosition>
  </TeacherSectionAssociation>
  <TeacherSectionAssociation>
    <TeacherReference>
      <StaffIdentity>
        <StaffUniqueStateId>rbraverman</StaffUniqueStateId>
      </StaffIdentity>
    </TeacherReference>
    <SectionReference>
      <SectionIdentity>
			    <EducationalOrgReference>
			    <EducationalOrgIdentity>
        <StateOrganizationId>South Daybreak Elementary</StateOrganizationId>
				</EducationalOrgIdentity>
				</EducationalOrgReference>
				<UniqueSectionCode>Gym Class - 4</UniqueSectionCode>
      </SectionIdentity>
    </SectionReference>
    <ClassroomPosition>Teacher of Record</ClassroomPosition>
  </TeacherSectionAssociation>
  <!-- Johnny Admin -->
  <Staff>
    <StaffUniqueStateId>demo</StaffUniqueStateId>
    <StaffIdentificationCode AssigningOrganizationCode="a" IdentificationSystem="Selective Service">
      <ID>a</ID>
    </StaffIdentificationCode>
    <Name Verification="Life insurance policy">
      <PersonalTitlePrefix>Mr</PersonalTitlePrefix>
      <FirstName>Johnny</FirstName>
      <LastSurname>Admin</LastSurname>
    </Name>
    <Sex>Male</Sex>
    <BirthDate>1956-08-14</BirthDate>
    <Address AddressType="Work">
      <StreetNumberName>123 Sesame Street</StreetNumberName>
      <ApartmentRoomSuiteNumber>7B</ApartmentRoomSuiteNumber>
      <City>Chicago</City>
      <StateAbbreviation>IL</StateAbbreviation>
      <PostalCode>99999</PostalCode>
      <BeginDate>1967-08-13</BeginDate>
    </Address>
    <Telephone PrimaryTelephoneNumberIndicator="true" TelephoneNumberType="Fax">
      <TelephoneNumber>a</TelephoneNumber>
    </Telephone>
    <ElectronicMail EmailAddressType="Organization">
      <EmailAddress>junk@junk.com</EmailAddress>
    </ElectronicMail>
    <HispanicLatinoEthnicity>false</HispanicLatinoEthnicity>
    <OldEthnicity>Hispanic</OldEthnicity>
    <Race>
      <RacialCategory>White</RacialCategory>
    </Race>
    <HighestLevelOfEducationCompleted>Doctorate</HighestLevelOfEducationCompleted>
    <YearsOfPriorProfessionalExperience>20</YearsOfPriorProfessionalExperience>
    <YearsOfPriorTeachingExperience>0</YearsOfPriorTeachingExperience>
    <Credentials>
      <CredentialType>Certification</CredentialType>
      <CredentialField>
        <CodeValue>IT Admin</CodeValue>
      </CredentialField>
      <Level>All Level (Grade Level PK-12)</Level>
      <TeachingCredentialType>Standard</TeachingCredentialType>
      <CredentialIssuanceDate>2000-01-01</CredentialIssuanceDate>
    </Credentials>
    <LoginId>a</LoginId>
  </Staff>
  <StaffEducationOrgAssignmentAssociation>
    <StaffReference>
      <StaffIdentity>
        <StaffUniqueStateId>demo</StaffUniqueStateId>
      </StaffIdentity>
    </StaffReference>
    <EducationOrganizationReference>
      <EducationalOrgIdentity>
        <StateOrganizationId>IL-DAYBREAK</StateOrganizationId>
      </EducationalOrgIdentity>
    </EducationOrganizationReference>
    <StaffClassification>LEA Administrator</StaffClassification>
    <PositionTitle>IT Admin</PositionTitle>
    <BeginDate>2000-01-01</BeginDate>
  </StaffEducationOrgAssignmentAssociation>
  <!-- Billy Admin -->
  <Staff>
    <StaffUniqueStateId>sampleUser</StaffUniqueStateId>
    <StaffIdentificationCode AssigningOrganizationCode="a" IdentificationSystem="Selective Service">
      <ID>a</ID>
    </StaffIdentificationCode>
    <Name Verification="Life insurance policy">
      <PersonalTitlePrefix>Mr</PersonalTitlePrefix>
      <FirstName>Billy</FirstName>
      <LastSurname>Admin</LastSurname>
    </Name>
    <Sex>Male</Sex>
    <BirthDate>1980-02-01</BirthDate>
    <Address AddressType="Work">
      <StreetNumberName>123 Wall Street</StreetNumberName>
      <ApartmentRoomSuiteNumber>7B</ApartmentRoomSuiteNumber>
      <City>Chicago</City>
      <StateAbbreviation>IL</StateAbbreviation>
      <PostalCode>99999</PostalCode>
      <BeginDate>1995-08-13</BeginDate>
    </Address>
    <Telephone PrimaryTelephoneNumberIndicator="true" TelephoneNumberType="Fax">
      <TelephoneNumber>a</TelephoneNumber>
    </Telephone>
    <ElectronicMail EmailAddressType="Organization">
      <EmailAddress>junk@junk.com</EmailAddress>
    </ElectronicMail>
    <HispanicLatinoEthnicity>false</HispanicLatinoEthnicity>
    <Race>
      <RacialCategory>Asian</RacialCategory>
    </Race>
    <HighestLevelOfEducationCompleted>No Degree</HighestLevelOfEducationCompleted>
    <YearsOfPriorProfessionalExperience>20</YearsOfPriorProfessionalExperience>
    <YearsOfPriorTeachingExperience>0</YearsOfPriorTeachingExperience>
    <Credentials>
      <CredentialType>Certification</CredentialType>
      <CredentialField>
        <CodeValue>IT Admin</CodeValue>
      </CredentialField>
      <Level>All Level (Grade Level PK-12)</Level>
      <TeachingCredentialType>Standard</TeachingCredentialType>
      <CredentialIssuanceDate>2000-01-01</CredentialIssuanceDate>
    </Credentials>
    <LoginId>a</LoginId>
  </Staff>
  <!--Maria Gonzales principal (Leader) South Daybreak Elementary School-->
  <Staff>
    <StaffUniqueStateId>mgonzales</StaffUniqueStateId>
    <StaffIdentificationCode AssigningOrganizationCode="a" IdentificationSystem="Selective Service">
      <ID>a</ID>
    </StaffIdentificationCode>
    <Name Verification="Life insurance policy">
      <PersonalTitlePrefix>Ms</PersonalTitlePrefix>
      <FirstName>Maria</FirstName>
      <LastSurname>Gonzales</LastSurname>
    </Name>
    <Sex>Female</Sex>
    <BirthDate>1956-08-14</BirthDate>
    <Address AddressType="Work">
      <StreetNumberName>123 Sesame Street</StreetNumberName>
      <ApartmentRoomSuiteNumber>7B</ApartmentRoomSuiteNumber>
      <City>Chicago</City>
      <StateAbbreviation>IL</StateAbbreviation>
      <PostalCode>99999</PostalCode>
      <BeginDate>1967-08-13</BeginDate>
    </Address>
    <Telephone PrimaryTelephoneNumberIndicator="true" TelephoneNumberType="Fax">
      <TelephoneNumber>a</TelephoneNumber>
    </Telephone>
    <ElectronicMail EmailAddressType="Organization">
      <EmailAddress>junk@junk.com</EmailAddress>
    </ElectronicMail>
    <HispanicLatinoEthnicity>false</HispanicLatinoEthnicity>
    <OldEthnicity>Hispanic</OldEthnicity>
    <Race>
      <RacialCategory>White</RacialCategory>
    </Race>
    <HighestLevelOfEducationCompleted>Doctorate</HighestLevelOfEducationCompleted>
    <YearsOfPriorProfessionalExperience>20</YearsOfPriorProfessionalExperience>
    <YearsOfPriorTeachingExperience>0</YearsOfPriorTeachingExperience>
    <Credentials>
      <CredentialType>Certification</CredentialType>
      <CredentialField>
        <CodeValue>IT Admin</CodeValue>
      </CredentialField>
      <Level>All Level (Grade Level PK-12)</Level>
      <TeachingCredentialType>Standard</TeachingCredentialType>
      <CredentialIssuanceDate>2000-01-01</CredentialIssuanceDate>
    </Credentials>
    <LoginId>a</LoginId>
  </Staff>
  <!--Association commented out until EdOrg/School reference defect fixed-->
  <StaffEducationOrgAssignmentAssociation>
    <StaffReference>
      <StaffIdentity>
        <StaffUniqueStateId>mgonzales</StaffUniqueStateId>
      </StaffIdentity>
    </StaffReference>
    <EducationOrganizationReference>
      <EducationalOrgIdentity>
        <StateOrganizationId>South Daybreak Elementary</StateOrganizationId>
      </EducationalOrgIdentity>
    </EducationOrganizationReference>
    <StaffClassification>Principal</StaffClassification>
    <PositionTitle>Principal</PositionTitle>
    <BeginDate>1967-08-13</BeginDate>
    <EndDate>2013-08-13</EndDate>
  </StaffEducationOrgAssignmentAssociation>
  <!--Amy Kopel IT Support (IT Administrator) South Daybreak Elementary School-->
  <Staff>
    <StaffUniqueStateId>akopel</StaffUniqueStateId>
    <StaffIdentificationCode AssigningOrganizationCode="a" IdentificationSystem="Selective Service">
      <ID>a</ID>
    </StaffIdentificationCode>
    <Name Verification="Life insurance policy">
      <PersonalTitlePrefix>Mrs</PersonalTitlePrefix>
      <FirstName>Amy</FirstName>
      <LastSurname>Kopel</LastSurname>
    </Name>
    <Sex>Female</Sex>
    <BirthDate>1980-02-01</BirthDate>
    <Address AddressType="Work">
      <StreetNumberName>123 Sesame Street</StreetNumberName>
      <ApartmentRoomSuiteNumber>7B</ApartmentRoomSuiteNumber>
      <City>Chicago</City>
      <StateAbbreviation>IL</StateAbbreviation>
      <PostalCode>99999</PostalCode>
      <BeginDate>1967-08-13</BeginDate>
    </Address>
    <Telephone PrimaryTelephoneNumberIndicator="true" TelephoneNumberType="Fax">
      <TelephoneNumber>a</TelephoneNumber>
    </Telephone>
    <ElectronicMail EmailAddressType="Organization">
      <EmailAddress>junk@junk.com</EmailAddress>
    </ElectronicMail>
    <HispanicLatinoEthnicity>false</HispanicLatinoEthnicity>
    <Race>
      <RacialCategory>Asian</RacialCategory>
    </Race>
    <HighestLevelOfEducationCompleted>No Degree</HighestLevelOfEducationCompleted>
    <YearsOfPriorProfessionalExperience>20</YearsOfPriorProfessionalExperience>
    <YearsOfPriorTeachingExperience>0</YearsOfPriorTeachingExperience>
    <Credentials>
      <CredentialType>Certification</CredentialType>
      <CredentialField>
        <CodeValue>IT Admin</CodeValue>
      </CredentialField>
      <Level>All Level (Grade Level PK-12)</Level>
      <TeachingCredentialType>Standard</TeachingCredentialType>
      <CredentialIssuanceDate>2000-01-01</CredentialIssuanceDate>
    </Credentials>
    <LoginId>a</LoginId>
  </Staff>
  <!--Association commented out until EdOrg/School reference defect fixed-->
  <StaffEducationOrgAssignmentAssociation>
    <StaffReference>
      <StaffIdentity>
        <StaffUniqueStateId>akopel</StaffUniqueStateId>
      </StaffIdentity>
    </StaffReference>
    <EducationOrganizationReference>
      <EducationalOrgIdentity>
        <StateOrganizationId>South Daybreak Elementary</StateOrganizationId>
      </EducationalOrgIdentity>
    </EducationOrganizationReference>
    <StaffClassification>School Administrative Support Staff</StaffClassification>
    <PositionTitle>IT Support</PositionTitle>
    <BeginDate>1967-08-13</BeginDate>
    <EndDate>2013-08-13</EndDate>
  </StaffEducationOrgAssignmentAssociation>
  <!-- Mary Smith Researcher (Aggregate Viewer) South Daybreak Elementary School-->
  <Staff>
    <StaffUniqueStateId>msmith</StaffUniqueStateId>
    <StaffIdentificationCode AssigningOrganizationCode="a" IdentificationSystem="Selective Service">
      <ID>a</ID>
    </StaffIdentificationCode>
    <Name Verification="Life insurance policy">
      <PersonalTitlePrefix>Mrs</PersonalTitlePrefix>
      <FirstName>Mary</FirstName>
      <LastSurname>Smith</LastSurname>
    </Name>
    <Sex>Female</Sex>
    <BirthDate>1980-02-01</BirthDate>
    <Address AddressType="Work">
      <StreetNumberName>123 Sesame Street</StreetNumberName>
      <ApartmentRoomSuiteNumber>7B</ApartmentRoomSuiteNumber>
      <City>Chicago</City>
      <StateAbbreviation>IL</StateAbbreviation>
      <PostalCode>99999</PostalCode>
      <BeginDate>1967-08-13</BeginDate>
    </Address>
    <Telephone PrimaryTelephoneNumberIndicator="true" TelephoneNumberType="Fax">
      <TelephoneNumber>a</TelephoneNumber>
    </Telephone>
    <ElectronicMail EmailAddressType="Organization">
      <EmailAddress>junk@junk.com</EmailAddress>
    </ElectronicMail>
    <HispanicLatinoEthnicity>false</HispanicLatinoEthnicity>
    <Race>
      <RacialCategory>Asian</RacialCategory>
    </Race>
    <HighestLevelOfEducationCompleted>No Degree</HighestLevelOfEducationCompleted>
    <YearsOfPriorProfessionalExperience>20</YearsOfPriorProfessionalExperience>
    <YearsOfPriorTeachingExperience>0</YearsOfPriorTeachingExperience>
    <Credentials>
      <CredentialType>Certification</CredentialType>
      <CredentialField>
        <CodeValue>IT Admin</CodeValue>
      </CredentialField>
      <Level>All Level (Grade Level PK-12)</Level>
      <TeachingCredentialType>Standard</TeachingCredentialType>
      <CredentialIssuanceDate>2000-01-01</CredentialIssuanceDate>
    </Credentials>
    <LoginId>a</LoginId>
  </Staff>
  <!--Association commented out until EdOrg/School reference defect fixed-->
  <StaffEducationOrgAssignmentAssociation>
    <StaffReference>
      <StaffIdentity>
        <StaffUniqueStateId>msmith</StaffUniqueStateId>
      </StaffIdentity>
    </StaffReference>
    <EducationOrganizationReference>
      <EducationalOrgIdentity>
        <StateOrganizationId>South Daybreak Elementary</StateOrganizationId>
      </EducationalOrgIdentity>
    </EducationOrganizationReference>
    <StaffClassification>Specialist/Consultant</StaffClassification>
    <PositionTitle>Researcher</PositionTitle>
    <BeginDate>1967-08-13</BeginDate>
    <EndDate>2013-08-13</EndDate>
  </StaffEducationOrgAssignmentAssociation>
  <!--Dr. Christopher Koch state superintendent (Leader) Illinois State Education Board-->
  <Staff>
    <StaffUniqueStateId>ckoch</StaffUniqueStateId>
    <StaffIdentificationCode AssigningOrganizationCode="a" IdentificationSystem="Selective Service">
      <ID>a</ID>
    </StaffIdentificationCode>
    <Name Verification="Life insurance policy">
      <PersonalTitlePrefix>Dr</PersonalTitlePrefix>
      <FirstName>Christopher</FirstName>
      <LastSurname>Koch</LastSurname>
    </Name>
    <Sex>Male</Sex>
    <BirthDate>1980-02-01</BirthDate>
    <Address AddressType="Work">
      <StreetNumberName>123 Sesame Street</StreetNumberName>
      <ApartmentRoomSuiteNumber>7B</ApartmentRoomSuiteNumber>
      <City>Chicago</City>
      <StateAbbreviation>IL</StateAbbreviation>
      <PostalCode>99999</PostalCode>
      <BeginDate>1995-08-13</BeginDate>
    </Address>
    <Telephone PrimaryTelephoneNumberIndicator="true" TelephoneNumberType="Fax">
      <TelephoneNumber>a</TelephoneNumber>
    </Telephone>
    <ElectronicMail EmailAddressType="Organization">
      <EmailAddress>junk@junk.com</EmailAddress>
    </ElectronicMail>
    <HispanicLatinoEthnicity>false</HispanicLatinoEthnicity>
    <Race>
      <RacialCategory>Asian</RacialCategory>
    </Race>
    <HighestLevelOfEducationCompleted>No Degree</HighestLevelOfEducationCompleted>
    <YearsOfPriorProfessionalExperience>20</YearsOfPriorProfessionalExperience>
    <YearsOfPriorTeachingExperience>0</YearsOfPriorTeachingExperience>
    <Credentials>
      <CredentialType>Certification</CredentialType>
      <CredentialField>
        <CodeValue>IT Admin</CodeValue>
      </CredentialField>
      <Level>All Level (Grade Level PK-12)</Level>
      <TeachingCredentialType>Standard</TeachingCredentialType>
      <CredentialIssuanceDate>2000-01-01</CredentialIssuanceDate>
    </Credentials>
    <LoginId>a</LoginId>
  </Staff>
  <StaffEducationOrgAssignmentAssociation>
    <StaffReference>
      <StaffIdentity>
        <StaffUniqueStateId>ckoch</StaffUniqueStateId>
      </StaffIdentity>
    </StaffReference>
    <EducationOrganizationReference>
      <EducationalOrgIdentity>
        <StateOrganizationId>STANDARD-SEA</StateOrganizationId>
      </EducationalOrgIdentity>
    </EducationOrganizationReference>
    <StaffClassification>Superintendent</StaffClassification>
    <PositionTitle>State Superintendent</PositionTitle>
    <BeginDate>1967-08-13</BeginDate>
    <EndDate>2013-08-13</EndDate>
  </StaffEducationOrgAssignmentAssociation>
  <!-- Rick Rogers IT Support (IT Administrator) Illinois State Education Board-->
  <Staff>
    <StaffUniqueStateId>rrogers</StaffUniqueStateId>
    <StaffIdentificationCode AssigningOrganizationCode="a" IdentificationSystem="Selective Service">
      <ID>a</ID>
    </StaffIdentificationCode>
    <Name Verification="Life insurance policy">
      <PersonalTitlePrefix>Mr</PersonalTitlePrefix>
      <FirstName>Rick</FirstName>
      <LastSurname>Rogers</LastSurname>
    </Name>
    <Sex>Male</Sex>
    <BirthDate>1980-02-01</BirthDate>
    <Address AddressType="Work">
      <StreetNumberName>123 Sesame Street</StreetNumberName>
      <ApartmentRoomSuiteNumber>7B</ApartmentRoomSuiteNumber>
      <City>Chicago</City>
      <StateAbbreviation>IL</StateAbbreviation>
      <PostalCode>99999</PostalCode>
      <BeginDate>1995-08-13</BeginDate>
    </Address>
    <Telephone PrimaryTelephoneNumberIndicator="true" TelephoneNumberType="Fax">
      <TelephoneNumber>a</TelephoneNumber>
    </Telephone>
    <ElectronicMail EmailAddressType="Organization">
      <EmailAddress>junk@junk.com</EmailAddress>
    </ElectronicMail>
    <HispanicLatinoEthnicity>false</HispanicLatinoEthnicity>
    <Race>
      <RacialCategory>Asian</RacialCategory>
    </Race>
    <HighestLevelOfEducationCompleted>No Degree</HighestLevelOfEducationCompleted>
    <YearsOfPriorProfessionalExperience>20</YearsOfPriorProfessionalExperience>
    <YearsOfPriorTeachingExperience>0</YearsOfPriorTeachingExperience>
    <Credentials>
      <CredentialType>Certification</CredentialType>
      <CredentialField>
        <CodeValue>IT Admin</CodeValue>
      </CredentialField>
      <Level>All Level (Grade Level PK-12)</Level>
      <TeachingCredentialType>Standard</TeachingCredentialType>
      <CredentialIssuanceDate>2000-01-01</CredentialIssuanceDate>
    </Credentials>
    <LoginId>a</LoginId>
  </Staff>
  <StaffEducationOrgAssignmentAssociation>
    <StaffReference>
      <StaffIdentity>
        <StaffUniqueStateId>rrogers</StaffUniqueStateId>
      </StaffIdentity>
    </StaffReference>
    <EducationOrganizationReference>
      <EducationalOrgIdentity>
        <StateOrganizationId>STANDARD-SEA</StateOrganizationId>
      </EducationalOrgIdentity>
    </EducationOrganizationReference>
    <StaffClassification>LEA System Administrator</StaffClassification>
    <PositionTitle>IT Support</PositionTitle>
    <BeginDate>1967-08-13</BeginDate>
    <EndDate>2013-08-13</EndDate>
  </StaffEducationOrgAssignmentAssociation>
  <!-- Michael Johnson, Researcher (Aggregate Viewer) Illinois State Education Board-->
  <Staff>
    <StaffUniqueStateId>mjohnson</StaffUniqueStateId>
    <StaffIdentificationCode AssigningOrganizationCode="a" IdentificationSystem="Selective Service">
      <ID>a</ID>
    </StaffIdentificationCode>
    <Name Verification="Life insurance policy">
      <PersonalTitlePrefix>Mr</PersonalTitlePrefix>
      <FirstName>Michael</FirstName>
      <LastSurname>Johnson</LastSurname>
    </Name>
    <Sex>Male</Sex>
    <BirthDate>1980-02-01</BirthDate>
    <Address AddressType="Work">
      <StreetNumberName>123 Wall Street</StreetNumberName>
      <ApartmentRoomSuiteNumber>7B</ApartmentRoomSuiteNumber>
      <City>Chicago</City>
      <StateAbbreviation>IL</StateAbbreviation>
      <PostalCode>99999</PostalCode>
      <BeginDate>1995-08-13</BeginDate>
    </Address>
    <Telephone PrimaryTelephoneNumberIndicator="true" TelephoneNumberType="Fax">
      <TelephoneNumber>a</TelephoneNumber>
    </Telephone>
    <ElectronicMail EmailAddressType="Organization">
      <EmailAddress>junk@junk.com</EmailAddress>
    </ElectronicMail>
    <HispanicLatinoEthnicity>false</HispanicLatinoEthnicity>
    <Race>
      <RacialCategory>Asian</RacialCategory>
    </Race>
    <HighestLevelOfEducationCompleted>No Degree</HighestLevelOfEducationCompleted>
    <YearsOfPriorProfessionalExperience>20</YearsOfPriorProfessionalExperience>
    <YearsOfPriorTeachingExperience>0</YearsOfPriorTeachingExperience>
    <Credentials>
      <CredentialType>Certification</CredentialType>
      <CredentialField>
        <CodeValue>IT Admin</CodeValue>
      </CredentialField>
      <Level>All Level (Grade Level PK-12)</Level>
      <TeachingCredentialType>Standard</TeachingCredentialType>
      <CredentialIssuanceDate>2000-01-01</CredentialIssuanceDate>
    </Credentials>
    <LoginId>a</LoginId>
  </Staff>
  <StaffEducationOrgAssignmentAssociation>
    <StaffReference>
      <StaffIdentity>
        <StaffUniqueStateId>mjohnson</StaffUniqueStateId>
      </StaffIdentity>
    </StaffReference>
    <EducationOrganizationReference>
      <EducationalOrgIdentity>
        <StateOrganizationId>STANDARD-SEA</StateOrganizationId>
      </EducationalOrgIdentity>
    </EducationOrganizationReference>
    <StaffClassification>Specialist/Consultant</StaffClassification>
    <PositionTitle>Researcher</PositionTitle>
    <BeginDate>1967-08-13</BeginDate>
    <EndDate>2013-08-13</EndDate>
  </StaffEducationOrgAssignmentAssociation>
  <!--Dr. Susan Bantu, District Superintendent (Leader) Daybreak School District-->
  <Staff>
    <StaffUniqueStateId>sbantu</StaffUniqueStateId>
    <StaffIdentificationCode AssigningOrganizationCode="a" IdentificationSystem="Selective Service">
      <ID>a</ID>
    </StaffIdentificationCode>
    <Name Verification="Life insurance policy">
      <PersonalTitlePrefix>Dr</PersonalTitlePrefix>
      <FirstName>Susan</FirstName>
      <LastSurname>Bantu</LastSurname>
    </Name>
    <Sex>Female</Sex>
    <BirthDate>1980-02-01</BirthDate>
    <Address AddressType="Work">
      <StreetNumberName>123 Wall Street</StreetNumberName>
      <ApartmentRoomSuiteNumber>7B</ApartmentRoomSuiteNumber>
      <City>Chicago</City>
      <StateAbbreviation>IL</StateAbbreviation>
      <PostalCode>99999</PostalCode>
      <BeginDate>1995-08-13</BeginDate>
    </Address>
    <Telephone PrimaryTelephoneNumberIndicator="true" TelephoneNumberType="Fax">
      <TelephoneNumber>a</TelephoneNumber>
    </Telephone>
    <ElectronicMail EmailAddressType="Organization">
      <EmailAddress>junk@junk.com</EmailAddress>
    </ElectronicMail>
    <HispanicLatinoEthnicity>false</HispanicLatinoEthnicity>
    <Race>
      <RacialCategory>Asian</RacialCategory>
    </Race>
    <HighestLevelOfEducationCompleted>No Degree</HighestLevelOfEducationCompleted>
    <YearsOfPriorProfessionalExperience>20</YearsOfPriorProfessionalExperience>
    <YearsOfPriorTeachingExperience>0</YearsOfPriorTeachingExperience>
    <Credentials>
      <CredentialType>Certification</CredentialType>
      <CredentialField>
        <CodeValue>IT Admin</CodeValue>
      </CredentialField>
      <Level>All Level (Grade Level PK-12)</Level>
      <TeachingCredentialType>Standard</TeachingCredentialType>
      <CredentialIssuanceDate>2000-01-01</CredentialIssuanceDate>
    </Credentials>
    <LoginId>a</LoginId>
  </Staff>
  <StaffEducationOrgAssignmentAssociation>
    <StaffReference>
      <StaffIdentity>
        <StaffUniqueStateId>sbantu</StaffUniqueStateId>
      </StaffIdentity>
    </StaffReference>
    <EducationOrganizationReference>
      <EducationalOrgIdentity>
        <StateOrganizationId>IL-DAYBREAK</StateOrganizationId>
      </EducationalOrgIdentity>
    </EducationOrganizationReference>
    <StaffClassification>Superintendent</StaffClassification>
    <PositionTitle>District Superintendent</PositionTitle>
    <BeginDate>1967-08-13</BeginDate>
    <EndDate>2013-08-13</EndDate>
  </StaffEducationOrgAssignmentAssociation>
  <!-- James Stevenson, IT Support (IT Administrator) Daybreak School District -->
  <Staff>
    <StaffUniqueStateId>jstevenson</StaffUniqueStateId>
    <StaffIdentificationCode AssigningOrganizationCode="a" IdentificationSystem="Selective Service">
      <ID>a</ID>
    </StaffIdentificationCode>
    <Name Verification="Life insurance policy">
      <PersonalTitlePrefix>Mr</PersonalTitlePrefix>
      <FirstName>James</FirstName>
      <LastSurname>Stevenson</LastSurname>
    </Name>
    <Sex>Male</Sex>
    <BirthDate>1980-02-01</BirthDate>
    <Address AddressType="Work">
      <StreetNumberName>123 Wall Street</StreetNumberName>
      <ApartmentRoomSuiteNumber>7B</ApartmentRoomSuiteNumber>
      <City>Chicago</City>
      <StateAbbreviation>IL</StateAbbreviation>
      <PostalCode>99999</PostalCode>
      <BeginDate>1995-08-13</BeginDate>
    </Address>
    <Telephone PrimaryTelephoneNumberIndicator="true" TelephoneNumberType="Fax">
      <TelephoneNumber>a</TelephoneNumber>
    </Telephone>
    <ElectronicMail EmailAddressType="Organization">
      <EmailAddress>junk@junk.com</EmailAddress>
    </ElectronicMail>
    <HispanicLatinoEthnicity>false</HispanicLatinoEthnicity>
    <Race>
      <RacialCategory>Asian</RacialCategory>
    </Race>
    <HighestLevelOfEducationCompleted>No Degree</HighestLevelOfEducationCompleted>
    <YearsOfPriorProfessionalExperience>20</YearsOfPriorProfessionalExperience>
    <YearsOfPriorTeachingExperience>0</YearsOfPriorTeachingExperience>
    <Credentials>
      <CredentialType>Certification</CredentialType>
      <CredentialField>
        <CodeValue>IT Admin</CodeValue>
      </CredentialField>
      <Level>All Level (Grade Level PK-12)</Level>
      <TeachingCredentialType>Standard</TeachingCredentialType>
      <CredentialIssuanceDate>2000-01-01</CredentialIssuanceDate>
    </Credentials>
    <LoginId>a</LoginId>
  </Staff>
  <StaffEducationOrgAssignmentAssociation>
    <StaffReference>
      <StaffIdentity>
        <StaffUniqueStateId>jstevenson</StaffUniqueStateId>
      </StaffIdentity>
    </StaffReference>
    <EducationOrganizationReference>
      <EducationalOrgIdentity>
        <StateOrganizationId>IL-DAYBREAK</StateOrganizationId>
      </EducationalOrgIdentity>
    </EducationOrganizationReference>
    <StaffClassification>LEA System Administrator</StaffClassification>
    <PositionTitle>IT Support</PositionTitle>
    <BeginDate>1967-08-13</BeginDate>
    <EndDate>2013-08-13</EndDate>
  </StaffEducationOrgAssignmentAssociation>
  <!-- Jack Jackson, Researcher (Aggregate Viewer) Daybreak School District-->
  <Staff>
    <StaffUniqueStateId>jjackson</StaffUniqueStateId>
    <StaffIdentificationCode AssigningOrganizationCode="a" IdentificationSystem="Selective Service">
      <ID>a</ID>
    </StaffIdentificationCode>
    <Name Verification="Life insurance policy">
      <PersonalTitlePrefix>Mr</PersonalTitlePrefix>
      <FirstName>Jack</FirstName>
      <LastSurname>Jackson</LastSurname>
    </Name>
    <Sex>Male</Sex>
    <BirthDate>1980-02-01</BirthDate>
    <Address AddressType="Work">
      <StreetNumberName>123 Wall Street</StreetNumberName>
      <ApartmentRoomSuiteNumber>7B</ApartmentRoomSuiteNumber>
      <City>Chicago</City>
      <StateAbbreviation>IL</StateAbbreviation>
      <PostalCode>99999</PostalCode>
      <NameOfCounty>SI</NameOfCounty>
      <BeginDate>1995-08-13</BeginDate>
    </Address>
    <Telephone PrimaryTelephoneNumberIndicator="true" TelephoneNumberType="Fax">
      <TelephoneNumber>a</TelephoneNumber>
    </Telephone>
    <ElectronicMail EmailAddressType="Organization">
      <EmailAddress>junk@junk.com</EmailAddress>
    </ElectronicMail>
    <HispanicLatinoEthnicity>false</HispanicLatinoEthnicity>
    <Race>
      <RacialCategory>Asian</RacialCategory>
    </Race>
    <HighestLevelOfEducationCompleted>No Degree</HighestLevelOfEducationCompleted>
    <YearsOfPriorProfessionalExperience>20</YearsOfPriorProfessionalExperience>
    <YearsOfPriorTeachingExperience>0</YearsOfPriorTeachingExperience>
    <Credentials>
      <CredentialType>Certification</CredentialType>
      <CredentialField>
        <CodeValue>IT Admin</CodeValue>
      </CredentialField>
      <Level>All Level (Grade Level PK-12)</Level>
      <TeachingCredentialType>Standard</TeachingCredentialType>
      <CredentialIssuanceDate>2000-01-01</CredentialIssuanceDate>
    </Credentials>
    <LoginId>a</LoginId>
  </Staff>
  <StaffEducationOrgAssignmentAssociation>
    <StaffReference>
      <StaffIdentity>
        <StaffUniqueStateId>jjackson</StaffUniqueStateId>
      </StaffIdentity>
    </StaffReference>
    <EducationOrganizationReference>
      <EducationalOrgIdentity>
        <StateOrganizationId>IL-DAYBREAK</StateOrganizationId>
      </EducationalOrgIdentity>
    </EducationOrganizationReference>
    <StaffClassification>Specialist/Consultant</StaffClassification>
    <PositionTitle>Researcher</PositionTitle>
    <BeginDate>1967-08-13</BeginDate>
    <EndDate>2013-08-13</EndDate>
  </StaffEducationOrgAssignmentAssociation>
  <!-- jjackson to ACC-TEST-PROG-1 -->
  <StaffProgramAssociation>
    <StaffReference>
      <StaffIdentity>
        <StaffUniqueStateId>jjackson</StaffUniqueStateId>
      </StaffIdentity>
    </StaffReference>
    <ProgramReference>
      <ProgramIdentity>
        <ProgramId>ACC-TEST-PROG-1</ProgramId>
      </ProgramIdentity>
    </ProgramReference>
    <BeginDate>2011-01-05</BeginDate>
    <EndDate>2012-02-15</EndDate>
    <StudentRecordAccess>true</StudentRecordAccess>
  </StaffProgramAssociation>
  <!-- jjackson to ACC-TEST-PROG-2 -->
  <StaffProgramAssociation>
    <StaffReference>
      <StaffIdentity>
        <StaffUniqueStateId>jjackson</StaffUniqueStateId>
      </StaffIdentity>
    </StaffReference>
    <ProgramReference>
      <ProgramIdentity>
        <ProgramId>ACC-TEST-PROG-2</ProgramId>
      </ProgramIdentity>
    </ProgramReference>
    <BeginDate>2011-01-05</BeginDate>
    <EndDate>2012-02-15</EndDate>
    <StudentRecordAccess>true</StudentRecordAccess>
  </StaffProgramAssociation>
  <!-- jstevenson to ACC-TEST-PROG-1 -->
  <StaffProgramAssociation>
    <StaffReference>
      <StaffIdentity>
        <StaffUniqueStateId>jstevenson</StaffUniqueStateId>
      </StaffIdentity>
    </StaffReference>
    <ProgramReference>
      <ProgramIdentity>
        <ProgramId>ACC-TEST-PROG-1</ProgramId>
      </ProgramIdentity>
    </ProgramReference>
    <BeginDate>2011-01-05</BeginDate>
    <EndDate>2012-02-15</EndDate>
    <StudentRecordAccess>true</StudentRecordAccess>
  </StaffProgramAssociation>
  <!-- jstevenson to ACC-TEST-PROG-2 -->
  <StaffProgramAssociation>
    <StaffReference>
      <StaffIdentity>
        <StaffUniqueStateId>jstevenson</StaffUniqueStateId>
      </StaffIdentity>
    </StaffReference>
    <ProgramReference>
      <ProgramIdentity>
        <ProgramId>ACC-TEST-PROG-2</ProgramId>
      </ProgramIdentity>
    </ProgramReference>
    <BeginDate>2011-01-05</BeginDate>
    <EndDate>2012-02-15</EndDate>
    <StudentRecordAccess>true</StudentRecordAccess>
  </StaffProgramAssociation>
  <!-- jjackson to ACC-TEST-PROG-1 -->
  <StaffProgramAssociation>
    <StaffReference>
      <StaffIdentity>
        <StaffUniqueStateId>jjackson</StaffUniqueStateId>
      </StaffIdentity>
    </StaffReference>
    <ProgramReference>
      <ProgramIdentity>
        <ProgramId>ACC-TEST-PROG-1</ProgramId>
      </ProgramIdentity>
    </ProgramReference>
    <BeginDate>2011-06-01</BeginDate>
    <StudentRecordAccess>false</StudentRecordAccess>
  </StaffProgramAssociation>
  <!-- sbantu to ACC-TEST-PROG-2 -->
  <StaffProgramAssociation>
    <StaffReference>
      <StaffIdentity>
        <StaffUniqueStateId>sbantu</StaffUniqueStateId>
      </StaffIdentity>
    </StaffReference>
    <ProgramReference>
      <ProgramIdentity>
        <ProgramId>ACC-TEST-PROG-2</ProgramId>
      </ProgramIdentity>
    </ProgramReference>
    <BeginDate>2011-01-01</BeginDate>
    <StudentRecordAccess>false</StudentRecordAccess>
  </StaffProgramAssociation>
    <!-- mjohnson to ACC-TEST-PROG-2 -->
  <StaffProgramAssociation>
    <StaffReference>
      <StaffIdentity>
        <StaffUniqueStateId>mjohnson</StaffUniqueStateId>
      </StaffIdentity>
    </StaffReference>
    <ProgramReference>
      <ProgramIdentity>
        <ProgramId>ACC-TEST-PROG-2</ProgramId>
      </ProgramIdentity>
    </ProgramReference>
    <BeginDate>2011-01-01</BeginDate>
    <StudentRecordAccess>false</StudentRecordAccess>
  </StaffProgramAssociation>
</InterchangeStaffAssociation>
